Tiêu đề,Số phòng,Vị trí,Giá,Giá / Diện tích,Diện tích,Loại hình,
- Chào bán nhà 2 Tầng Kiệt TÔN THẤT TÙNG - Q Thanh Khê,3,Quận Thanh Khê,"3,35",63,53,nhà ở,
- Chào bán nhà Cấp 4 Kiệt oto 5M TRẦN THÁI TÔNG - Q Thanh Khê,1,Quận Thanh Khê,"2,85 ",28,102,nhà ở,
‼️ NHÀ 2 Tầng MT CAO HỒNG LÃNH,3,Quận Ngũ Hành Sơn,"4,65 ",47,100,nhà ở,
"( Bán gấp ) Nhà cấp 4 Nguyễn Lương Bằng gần Phan Văn Định, liên chiểu.",2,Quận Liên Chiểu,"1,69 ",24,71,nhà ở,
*** 1 căn 2 HAGL tầng trung- full NT cho thuê giá 8.5 triệu,2,Quận Thanh Khê,"2,2 ",23,94,chung cư / căn hộ,
"*** 1 căn độc quyền Filmore , sở hữu lâu dài, nhận nhà vào ở ngay",1,Quận Hải Châu,"4,8 ",91,53,chung cư / căn hộ,
*** 1 căn góc Khu A 117m2 view biển- hồ bán - sổ hồng lâu dài,3,Quận Thanh Khê,"2,7 ",23,117,chung cư / căn hộ,
*** 1 căn HAGL 2 94m2 view hồ bán rẻ,2,Quận Thanh Khê,"2,1 ",22,94,chung cư / căn hộ,
*** căn panoma- dự án sun cosmo view biển tầng cao giá tốt,1,Quận Ngũ Hành Sơn,3,60,50,chung cư / căn hộ,
“HIẾM”-HẠ GIÁ BÁN NHANH NHÀ 3TẦNG MỚI ĐẸP Ở NGAY–ĐƯỜNG 7.5M KHUÊ TRUNG,4,Quận Cẩm Lệ,"5,5 ",61,90,nhà ở,
✳️✳️🏠🏠GIA ĐÌNH TÔI CẦN BÁN NHÀTHỌ 3 GIÁ TỐT,2,Quận Sơn Trà,"2,98 ",59,51,nhà ở,
❇️Nhà mới đẹp,3,Huyện Hoa Vàng,"2,98 ",25,117,nhà ở,
❗️Bán nhà cấp 4 Cẩm4 vị trí gần cầu,2,Quận Cẩm Lệ,"3,45 ",43,80,nhà ở,
❤️ BÁN NHÀ 3 TẦNG PHẠM HÙNG - Đông,7,Huyện Hoa Vàng,"6,8 ",63,108,nhà ở,
"❤️Siêu phẩm🏠1 căn 3 tầng, 1 căn gác lững👉sát Biển Mỹ Khê, ĐN",3,Quận Sơn Trà,10,82,122,nhà ở,
❌ BÁN NHÀ : VŨ MIÊN ( 2 TẤM ),4,Huyện Hoa Vàng,"3,32 ",33,100,nhà ở,
❌ BÁN NHÀ: QUANG CHÂU ( Đường OTO ),2,Huyện Hoa Vàng,"1,75 ",14,127,nhà ở,
❌ NHÀ 2 TẦNG : HOÀNG MINH GIÁM ( Mới hoàn toàn ),3,Quận Cẩm Lệ,"3,95 ",40,100,nhà ở,
❌ NHÀ 2 TẦNG : MIẾU BÔNG,4,Huyện Hoa Vàng,"2,5 ",18,141,nhà ở,
❌ NHÀ GÁC ĐÚC - HUỲNH TỊNH CỦA,3,Huyện Hoa Vàng,"2,98 ",25,118,nhà ở,
❌❌❌NHÀ 4 TẦNG MT HÀ HUY TẬP - SÁT ĐIỆN BIÊN PHỦ - KINH DOANH TỐT ❌❌❌,4,Quận Thanh Khê,"6,3 ",147,43,nhà ở,
"❌❌MẶT TIỀN THANH KHÊ , 2 TẦNG, DT 81M2 , CHỈ 4.5",4,Quận Thanh Khê,"4,5 ",56,81,nhà ở,
❌️❌️SIÊU ĐẸP NHÀ KIỆT TRẦN QUANG KHẢI KIỆT THÔNG NHÀ ĐẸP VÀO Ở LUÔN,2,Quận Sơn Trà,"2,45 ",40,61,nhà ở,
⚡Nhà MT quy hoạch 5m5 CÙ CHÍNH LAN .full nội thất đẹp .,4,Quận Thanh Khê,"5,39 ",104,52,nhà ở,
"☘️ Cần bán căn chung cư 2 Đường Âu cơ, Liên Chiểu☘️",2,Quận Liên Chiểu,"0,89",13,70,chung cư / căn hộ,
☘️ Cần bán Căn Thương mại CT10 chung cư The Ori Garden Liên Chiểu☘️,2,Quận Liên Chiểu,"1,63 ",27,60,chung cư / căn hộ,
☘ CẦN BÁN NHÀ MẶT TIỀN ĐƯỜNG 7M SÁT QUỐC LỘ 1A HÒA PHƯỚC- Đà Nẵng,3,Huyện Hoa Vàng,"2,25 ",25,90,nhà ở,
"☘️ căn hộ 1 Bàu Tràm, liên chiểu giá rẻ☘️",1,Quận Liên Chiểu,1,15,39,chung cư / căn hộ,
☘️ Căn Thương mại CT10 chung cư Bàu Tràm giá rẻ ☘️,2,Quận Liên Chiểu,"1,55 ",26,60,chung cư / căn hộ,
"☘️ CHÍNH CHỦ GỬI : NHÀ LƯ GIANG 2 TẤM ( 7,5M )",3,Quận Cẩm Lệ,"4,85 ",39,125,nhà ở,
☘️ Chủ bán cắt lỗ căn hộ 2 The Ori Garden cuối năm nhận nhà☘️,2,Quận Liên Chiểu,"0,9",15,58,chung cư / căn hộ,
1 Căn Hoàng Anh Gia Lai xinh xắn - 72 Hàm Nghi tầng trung- hướng,2,Quận Thanh Khê,"2,2 ",23,94,chung cư / căn hộ,
1 CĂN STUDIO -30M2 GIÁ RẺ NHẤT TOÀ PANOMA - SUN COSMO RESIDENCE ĐN,1,Quận Ngũ Hành Sơn,"1,55 ",52,30,chung cư / căn hộ,
"1 suất ngoại giao tầng cao, view pháo Hoa, view sông Hàn nên đầu tư",2,Quận Hải Châu,5,72,69,chung cư / căn hộ,
188M2 CHỈ 2.X TY TẶNG KÈM DÃY TRỌ SIÊU HỜI,7,Quận Cẩm Lệ,"2,7 ",14,188,nhà ở,
2 Tầng Kiệt Ô Tô 5m Kdoanh Tốt Cù Chính Lan Gần Chợ,2,Quận Thanh Khê,"4,85 ",49,100,nhà ở,
20 SUẤT CUỐI CÙNG MẶT SÔNG - GIÁ GỐC CĐT - NHẬN NHÀ NGAY VỚI 4X ,2,Quận Hải Châu,"2,68 ",32,84,chung cư / căn hộ,
"3 110m2 Sổ hồng lâu dài, nội thất xịn, ngay TTTP mà giá 23 trieu/m2",3,Quận Thanh Khê,"2,6 ",24,110,chung cư / căn hộ,
"3,5 tầng đường Quang Trung",2,Quận Hải Châu,"10,55 ",179,59,nhà ở,
82m2 Gác lửng mới Trần Hưng Đạo - gần cầu Rồng giá chỉ 2370,2,Quận Sơn Trà,"2,37 ",29,82,nhà ở,
"Anh Chị nào đang tìm nhà rộng rãi, vị trí đẹp, với tầm giá vừa phải...",3,Quận Ngũ Hành Sơn,"7,65 ",46,167,nhà ở,
Bà chị gửi bán căn Thương Mại CT10 trước Tết chỉ 1ty550. T12 giao nhà.,2,Quận Liên Chiểu,"1,55 ",26,60,chung cư / căn hộ,
"Bán 2 mặt tiền khu mỹ an , ngay gần chương dương",4,Quận Ngũ Hành Sơn,"9,5 ",70,135,nhà ở,
"Bán 2 mặt tiền,nhà cấp 4 lửng đúc gần chợ lệ trạch",2,Huyện Hoa Vàng,"1,65 ",17,100,nhà ở,
Bán 2 nhà 2 tầng. Kiệt ô tô 850 trường chinh.  Sau lưng nhà mặt tiền,3,Quận Cẩm Lệ,"2,75 ",34,80,nhà ở,
bán 2 nhà liền kề gần trường học Lê Kim Lăng,2,Huyện Hoa Vàng,"1,63 ",16,99,nhà ở,
"Bán Biệt Thự - Villa 300m2, 4 Tầng, Biển Mỹ Khê, Sơn Trà Đà Nẵng 45 ",10,Quận Sơn Trà,45,150,300,nhà ở,
"Bán Biệt Thự - Villa 330m2 View Sông, Hồ Bơi, Kề Ngũ Hành Sơn, Đà Nẵng",5,Quận Ngũ Hành Sơn,22,67,330,nhà ở,
Bán biệt thự chính chủ siêu vip hàng hiếm với đầy đủ tiện ích,6,Quận Hải Châu,37,140,264,nhà ở,
"Bán biệt thự khuViệt Á, hướng ĐN, đường 7.5m - Toàn Huy Hoàng",4,Quận Ngũ Hành Sơn,15,75,200,nhà ở,
"Bán biệt thự khuViệt Á, hướng ĐN, đường 7.5m, giá tốt",4,Quận Ngũ Hành Sơn,15,75,200,nhà ở,
Bán căn 2 94m2 HAGL full NT như hình - sổ đỏ lâu dài giá chỉ 2.4 ,2,Quận Thanh Khê,"2,4 ",26,94,chung cư / căn hộ,
Bán căn 3 tầng 4 Phòng ngủ thiết kế hiện đại,4,Quận Cẩm Lệ,"6,8 ",68,100,nhà ở,
"Bán căn chung cư Bluhouse 2 2WC, nhà hướng mát đã sửa sang về ở ngay",2,Quận Sơn Trà,"1,28 ",24,54,chung cư / căn hộ,
Bán căn chung cư Nesthome 2 view sông hàn ngắm pháo hoa,2,Quận Sơn Trà,"1,75 ",32,54,chung cư / căn hộ,
Bán căn fpt 2 hướngtầng cao giá 2200,2,Quận Ngũ Hành Sơn,"2,2 ",32,69,chung cư / căn hộ,
"BÁN CĂN HỘ 2 TẦNG CAO VIEW HỒ BIỂN CỰC ĐẸP FULL NT KHÔNG THẤM, MỐI",2,Quận Thanh Khê,"2,25 ",24,94,chung cư / căn hộ,
Bán căn hộ 3 tầng 2 mặt tiền Hoàng Đình Ái và Lê Quảng Ba full nội thấ,8,Quận Cẩm Lệ,9,65,138,nhà ở,
"Bán căn hộ An thượng 38 , kinh doanh",7,Quận Ngũ Hành Sơn,9,150,60,nhà ở,
Bán Căn Hộ Biển Chung Cư Mường Thanh,2,Quận Ngũ Hành Sơn,2,30,67,chung cư / căn hộ,
BÁN CĂN HỘ BLOOMING 2 PHÒNG NGỦ 109M2 GIÁ SIÊU HỜI 2.7  - RẺ NHẤT,2,Quận Hải Châu,"2,7 ",25,109,chung cư / căn hộ,
Bán Căn Hộ Blooming Q.Hải Châu - 2 - 108m2 - Toàn Huy Hoàng,2,Quận Hải Châu,"3,3 ",31,108,chung cư / căn hộ,
"BÁN CĂN HỘ CHO THUÊ 4 TẦNG MT ĐỖ THÚC TỊNH, CẨM LỆ, ĐÀ NẴNG",10,Quận Cẩm Lệ,"6,55 ",66,100,nhà ở,
"Bán căn hộ chung cư tại Sam Towers 2 68m2, Chính chủ, đa tiện tích",2,Quận Hải Châu,"4,9 ",71,69,chung cư / căn hộ,
Bán căn Hộ Dòng tiền 75 triệu/1 tháng Vip Hoà Xuân,10,Quận Cẩm Lệ,11,118,93,chung cư / căn hộ,
"Bán căn hộ FPT plaza 2 - Căn hộ mới - 3 phòng ngủ, nội thất cao cấp .",3,Quận Ngũ Hành Sơn,"3,1 ",39,79,chung cư / căn hộ,
Bán Căn hộ HAGL - Hàm Nghi,2,Quận Thanh Khê,"2,15 ",23,94,chung cư / căn hộ,
"Bán Căn Hộ HAGL , 2 , 94m2 , Full Nội Thất , Rộng Rãi , Giá Tốt",2,Quận Thanh Khê,"2,1 ",22,94,chung cư / căn hộ,
Bán căn hộ Hagl 2 94m2 sổ hồng lâu dài,2,Quận Thanh Khê,"2,2 ",23,94,chung cư / căn hộ,
Bán căn hộ HAGL giá tốt trong các tòa căn hộ ở TTTP,2,Quận Thanh Khê,"2,2 ",23,94,chung cư / căn hộ,
Bán Căn hộ HAGL rộng rãi 94m2 - 2 - sổ hồng lâu dài-  giá tốt,2,Quận Thanh Khê,"2,2 ",23,94,chung cư / căn hộ,
"Bán Căn Hộ HAGL, Trung Tâm Đà Nẵng",2,Quận Thanh Khê,"2,1 ",22,94,chung cư / căn hộ,
"Bán căn hộ hoàn thiện mặt sông Hàn Đà Nẵng view sông, biển 35 triệu/m2",1,Quận Hải Châu,"2,5 ",34,74,chung cư / căn hộ,
"Bán căn hộ Hoàng Anh Gia Lai - Đường Hàm Nghi, Đà Nẵng",2,Quận Thanh Khê,"2,2 ",23,94,chung cư / căn hộ,
Bán Căn hộ Hoàng Anh Gia Lai - Hàm Nghi,2,Quận Thanh Khê,"2,25 ",24,94,chung cư / căn hộ,
Bán căn hộ Hoàng Anh Gia Lai 2 tầng cao view hồ,2,Quận Thanh Khê,"2,15 ",23,94,chung cư / căn hộ,
Bán Căn Hộ Hoàng Anh Gia Lai 3 117m2 view hồ  – Full Nội Thất,2,Quận Thanh Khê,"2,7 ",23,117,chung cư / căn hộ,
Bán căn hộ mặt tiền sông Hàn sổ hồng trao tay,2,Quận Hải Châu,5,68,73,chung cư / căn hộ,
BÁN CĂN HỘ NESHOME 2  TẦNG CAO VIEW ĐẸP,2,Quận Sơn Trà,"1,6 ",30,54,chung cư / căn hộ,
"Bán căn hộ Sam Tower với 720 triệu sở hữu, đã hoàn thiện nhận nhà ngay",2,Quận Hải Châu,"0,72",10,69,chung cư / căn hộ,
BÁN CĂN HỘ SAM TOWERS ĐÀ NẴNG 2 - GÓC MẶT SÔNG GIÁ 4.7  (100%),2,Quận Hải Châu,"4,7 ",69,68,chung cư / căn hộ,
Bán căn hộ tại đường Xô Viết Nghệ Tĩnh,2,Quận Hải Châu,"4,6 ",61,76,chung cư / căn hộ,
Bán Căn Nhà 2 tầng siêu dễ thưn K10 PHẠM VĂN NGHỊ,2,Quận Thanh Khê,"2,68 ",67,40,nhà ở,
"BÁN CĂN NHÀ 3 TẦNG SIÊU ĐẸP , XEM LÀ MÊ",4,Quận Ngũ Hành Sơn,"6,6 ",54,123,nhà ở,
bán căn nhà mê lửng kiệt 536/ Tôn đản-55m 1ty920,3,Quận Cẩm Lệ,"1,92 ",35,55,nhà ở,
Bán căn nhà phố liền kề khu Euro village 1 cầu Rồng,3,Quận Sơn Trà,"13,5 ",135,100,nhà ở,
BÁN CĂN SHOPHOUSE MẶT TIỀN VÕ CHÍ CÔNG _ VỊ TRÍ ĐẸP !,4,Quận Ngũ Hành Sơn,"7,8 ",66,118,nhà ở,
Bán căn Studio Alacarte view trực diện biển Mỹ Khê giá rẻ,1,Quận Sơn Trà,"3,8 ",79,48,chung cư / căn hộ,
Bán Căn Thương Mại Toà CT10 2 2WC The Ỏrigarden Đà Nẵng - Sát Biển,2,Quận Liên Chiểu,"1,55 ",24,65,chung cư / căn hộ,
Bán đất đẹp,2,Quận Cẩm Lệ,"4,15 ",46,91,nhà ở,
Bán đất khủng tặng dãy trọ 5 phòng Nguyễn Chánh,5,Quận Liên Chiểu,"1,93 ",18,108,nhà ở,
Bán đất khủng tặng dãy trọ 5 phòng Nguyễn Chánh,5,Quận Liên Chiểu,"1,93 ",18,108,nhà ở,
Bán đất khủng tặng dãy trọ 5 phòng Nguyễn Chánh,5,Quận Liên Chiểu,"1,93 ",18,108,nhà ở,
Bán đất kiệt Lê Đình Lý tặng 5 phòng trọ,5,Quận Hải Châu,"2,45 ",32,76,nhà ở,
Bán đất tặng kèm dãy trọ đang có thu nhập,5,Quận Hải Châu,"2,45 ",32,76,nhà ở,
"BÁN ĐẤT TẶNG NHÀ – KHU PHỐ TÂY NGŨ HÀNH SƠN, GIÁ CỰC RẺ",3,Quận Ngũ Hành Sơn,"6,65 ",57,116,nhà ở,
"Bán đất tặng nhà đường Âu Dương Lân, Gần ngay cầu Cẩm Lệ",1,Huyện Hoa Vàng,"2,79 ",31,91,nhà ở,
BÁN ĐẤT TẶNG NHÀ LIÊN CHIỂU-DT KHỦNG 200M2-MT 7M-GIÁ NHỈNH 2 ,2,Quận Liên Chiểu,"2,8 ",14,200,nhà ở,
BÁN ĐẤT TẶNG NHÀ-TT QUẬN LIÊN CHIỂU- GIÁ NHỈNH 2 ,2,Quận Liên Chiểu,"2,8 ",35,80,nhà ở,
Bán đất tặnh nhà c4 2 mặt kiệt nguyễn chí thanh,10,Quận Hải Châu,"2,8 ",52,54,nhà ở,
"BÁN DÃY TRỌ 2MT Đ.VẠN TƯỜNG, P. HOÀ HẢI, Q. NGŨ HÀNH SƠN",10,Quận Ngũ Hành Sơn,"9,5 ",60,158,nhà ở,
Bán dãy trọ gần khu công nghiệp Hoà khánh,6,Huyện Hoa Vàng,"2,4 ",14,176,nhà ở,
"BÁN GẤP 2 CĂN HỘ SUNCOSMO ĐÀ NẴNG, CĂN HỘ TẦNG CAO ĐẸP, GIÁ SỐC 2.7 ",1,Quận Ngũ Hành Sơn,"2,7 ",54,50,chung cư / căn hộ,
"Bán gấp căn góc 2 phòng ngủ 82,5m2 tầng 6, căn hộ The Sang Đà Nẵng",2,Quận Ngũ Hành Sơn,"3,785",46,83,chung cư / căn hộ,
"Bán Gấp Căn Hộ HAGL , 2 , 94m2 , Full Nội Thất , Rộng Rãi , Giá Tốt",2,Quận Thanh Khê,"2,1 ",22,94,chung cư / căn hộ,
"Bán GẤP Căn Nhà đẹp 3 tầng MT Dương Lâm, gần Lê Văn Duyệt, Sông Hàn",3,Quận Sơn Trà,"6,25 ",54,116,nhà ở,
"BÁN GẤP CĂN SUNCOSMO ĐÀ NẴNG TẦNG CAO GIÁ 2.9 , RẺ HƠN TT 400TR",1,Quận Ngũ Hành Sơn,"2,9 ",58,50,chung cư / căn hộ,
bán gấp căn view biển full nội thất - Altara suites Đà Nang,2,Quận Ngũ Hành Sơn,"3,85 ",59,65,chung cư / căn hộ,
Bán gấp chung cư HAGL 2 tầng trung full nội thất như hình,2,Quận Thanh Khê,"2,35 ",25,94,chung cư / căn hộ,
BÁN GẤP đất Võ Văn Kiệt 125m2 sẵn dòng tiền dài hạn giá chỉ 4.99 ,3,Quận Sơn Trà,"4,99 ",40,125,nhà ở,
Bán Gấp Dãy Trọ. Mặt tiền đường 5m5 Siêu thoáng.. 90 Ngang 5,4,Quận Thanh Khê,"4,7 ",49,95,nhà ở,
Bán gấp lô đất kiệt chuẩn 6m Lê Văn Hiến  Ngũ Hành Sơn Đà Nẵng.,1,Quận Ngũ Hành Sơn,"2,45 ",40,61,nhà ở,
"Bán Gấp nhà 2 MT Phan Thanh, 11 phòng doanh thu 50tr/tháng",10,Quận Thanh Khê,"12,5 ",191,66,nhà ở,
"Bán gấp nhà 3 Tầng Đối Diện Công Viên,View sông Cẩm Lệ Đà Nẵng.",3,Quận Cẩm Lệ,"6,28 ",63,100,nhà ở,
Bán gấp nhà 4 tầng mặt tiền Điện Biên Phủ đối diện Siêu Thị Coopmart,4,Quận Thanh Khê,18,180,100,nhà ở,
"Bán gấp nhà C4 đường thông sau lưng BXDL, Đà Nẵng",2,Huyện Hoa Vàng,"2,35 ",24,100,nhà ở,
Bán gấp. nhà mt siêu đẹp. ngang 7m5. gần biểm du lịch khu phố tây,4,Quận Ngũ Hành Sơn,15,133,113,nhà ở,
Bán hoặc cho thuê,1,Quận Cẩm Lệ,"1,2 ",40,30,nhà ở,
"Bán kháchsạn Boutique 16phòng, 150m2 đất. Dthu bquân 200tr.  suất 7%",10,Quận Hải Châu,"17,9 ",119,150,nhà ở,
"Bán lại Chung cư FPT Plaza3, nhiều diện tích, giá tốt",2,Quận Ngũ Hành Sơn,"1,8 ",32,57,chung cư / căn hộ,
"Bán lỗ căn góc 3 tầng 25 view sông Hàn, Ngân hàng hỗ trợ 70%",3,Quận Ngũ Hành Sơn,"6,7 ",67,100,chung cư / căn hộ,
bán lô góc dt 175 m đường 5 m5 khu phương hoà an quận cẩm lệ,5,Quận Cẩm Lệ,"5,5 ",31,175,nhà ở,
"Bán măt tiền 60m2 tại ngã 5 Âu cơ, KCN Hoà Khánh, Liên Chiểu, Đà Năng",2,Quận Liên Chiểu,"1,6 ",27,60,nhà ở,
Bán nhà,4,Quận Liên Chiểu,"3,1 ",46,68,nhà ở,
Bán nhà,3,Huyện Hoa Vàng,"1,7 ",23,73,nhà ở,
BÁN NHÀ  KIỆT OTO LƯU QUANG THUẬN GẦN HỒ XUÂN HƯƠNG,2,Quận Ngũ Hành Sơn,"3,8 ",67,57,nhà ở,
Bán nhà 2 Mặt Kiệt đường Lê Cơ Hải Châu,3,Quận Hải Châu,"3,5 ",47,75,nhà ở,
"Bán Nhà 2 Mặt Tiền Đg Ngay Sông Hàn, TT Đà Nẵng Rẻ",5,Quận Sơn Trà,"8,999",62,144,nhà ở,
Bán Nhà 2 Mặt Tiền Mới Như Hình Chính Chủ,4,Quận Cẩm Lệ,"4,35 ",51,85,nhà ở,
"BÁN NHÀ 2 TẦNG - ĐƯỜNG TRƯỜNG CHINH, CẨM LỆ, ĐÀ NẴNG",4,Quận Cẩm Lệ,"5,1 ",26,196,nhà ở,
"Bán nhà 2 tầng 2 mặt kiệt 448 Trưng Nữ Vương, Hải Châu - 2,850 ",2,Quận Hải Châu,"2,85 ",46,61,nhà ở,
"Bán nhà 2 tầng 2 mặt kiệt Phan Thanh,cách kiệt ô tô 15m,gần ĐH Duy Tân",2,Quận Thanh Khê,"2,85 ",71,40,nhà ở,
Bán nhà 2 tầng 2 mê đường 5. Bùi Cầm Hổ -Cẩm Lệ,3,Huyện Hoa Vàng,"3,5 ",35,100,nhà ở,
bán nhà 2 tầng 2 mê đường 7.5m Lư Giang - Hoà Xuân,3,Quận Cẩm Lệ,"4,85 ",39,125,nhà ở,
"Bán nhà 2 tầng 2 mê giá rẻ đuong Bầu Cầu 15 Đà Nẵng ,nhà xây kiên cố",3,Huyện Hoa Vàng,"3,25 ",33,100,nhà ở,
"Bán nhà 2 tầng đường 7m5 - Đoạn giữa, KhuViệt Á  👉 DT: 5x19= 95m2",3,Quận Ngũ Hành Sơn,"6,1 ",64,95,nhà ở,
Bán nhà 2 tầng đường Bàu Cầu 26,2,Huyện Hoa Vàng,"3,25 ",35,93,nhà ở,
"BÁN NHÀ 2 TẦNG ĐƯỜNG BỜ QUAN,HÒA XUÂN, NHS , ĐÀ NẴNG",2,Quận Ngũ Hành Sơn,"4,85 ",46,105,nhà ở,
Bán nhà 2 tầng đường Lưu Trọng Lư - Q.Hải Châu,3,Quận Hải Châu,"5,7 ",81,70,nhà ở,
Bán nhà 2 tầng đường Nguyễn Thành Ý - Q.Hải Châu,4,Quận Hải Châu,"6,2 ",58,107,nhà ở,
BÁN NHÀ 2 TẦNG HIỆN ĐẠI ĐƯỜNG HIỆP HÒA XUÂN ĐÀ NẴNG,3,Quận Cẩm Lệ,"5,5 ",55,100,nhà ở,
Bán nhà 2 tầng kèm 3 phòng trọ mặt tiền Nguyễn Minh Chấn,5,Quận Liên Chiểu,"3,99 ",50,80,nhà ở,
BÁN NHÀ 2 TẦNG KẸP CỐNG KHU DÂN TRÍ AN HẢI BẮC🍀,3,Quận Sơn Trà,"5,5 ",55,100,nhà ở,
"Bán nhà 2 tầng kiệt Dũng Sĩ Thanh Khê, TT Thanh Khê",3,Quận Thanh Khê,"2,99 ",58,52,nhà ở,
BÁN NHÀ 2 TẦNG KIỆT HÀM NGHI,2,Quận Thanh Khê,"2,2 ",65,34,nhà ở,
Bán nhà 2 tầng kiệt ô tô tải Lạc Long Quân cách đường chính chỉ 30m,3,Quận Liên Chiểu,"2,4 ",31,78,nhà ở,
Bán nhà 2 tầng kiệt phan thanh 70m2 2 gần đại học Duy Tân,2,Quận Thanh Khê,"2,75 ",39,70,nhà ở,
Bán nhà 2 tầng kiểu biệt thự tại Hòa Phước cách quốc lộ 50m,3,Huyện Hoa Vàng,"2,2 ",22,100,nhà ở,
"BÁN NHÀ 2 TẦNG MẶT PHỐ KINH DOANH – NGAY GÓC TIỂU LA, LÊ THANH NGHỊ",3,Quận Hải Châu,5,67,75,nhà ở,
"Bán nhà 2 tầng Mặt Tiền đường Huỳnh Thị Một , Hoà",3,Quận Ngũ Hành Sơn,"3,3 ",33,100,nhà ở,
bán nhà 2 tầng mới đẹp đường hoàng minh giám- hoà xuân,3,Quận Cẩm Lệ,"3,95 ",40,100,nhà ở,
"Bán nhà 2 tầng MT Võ Duy Ninh, Thọ Quang, Sơn Trà",3,Quận Sơn Trà,"5,15 ",58,89,nhà ở,
Bán nhà 2 tầng Phú Lộc 1.Nhà đẹp vào ở ngay. khu dân trí văn minh,3,Quận Liên Chiểu,"4,25 ",55,77,nhà ở,
BÁN NHÀ 2 TẦNG QUY HOẠCH 5M5 MỚI KENG .,4,Huyện Hoa Vàng,"3,45 ",35,100,nhà ở,
Bán Nhà 2 Tầng. MT Đường Quy Hoạch. Ngay Trung Tâm Hải Châu. ..,3,Quận Hải Châu,"6,3 ",83,76,nhà ở,
BÁN NHÀ 2 TẦNG–KIỆT 6M NGUYỄN VĂN THOẠI –Ô TÔ ĐẬU–VỪA Ở VỪA KINH DOANH,3,Quận Ngũ Hành Sơn,"5,9 ",69,85,nhà ở,
"BÁN NHÀ 2,5 TẦNG SIÊU ĐẸP , MỚI KENG , SẴN VÀO Ở LUÔN",3,Quận Ngũ Hành Sơn,"5,79 ",46,125,nhà ở,
Bán nhà 2.5 tầng Cổ Mân Mai 4Cẩm Lệ Hoà Xuân Đà Nẵng giá rẻ,3,Quận Cẩm Lệ,"3,65 ",41,88,nhà ở,
BÁN NHÀ 2TẦNG HOÀNG MINH THẢO-HOÀ MINH-NGANG 7M-ÔTÔ THÔNG- GIÁ NHỈNH 2,3,Quận Liên Chiểu,"2,78 ",37,75,nhà ở,
Bán nhà 3 mê đẹp Đường Trương Vĩnh Ký - Đà Nẵng,3,Huyện Hoa Vàng,"3,98 ",40,100,nhà ở,
"BÁN NHÀ 3 TẤM, TÔN THẤT DƯƠNG KỴ, HÒA XUÂN, CẨM LỆ, ĐÀ NẴNG ALO 24/7",4,Quận Cẩm Lệ,"6,2 ",62,100,nhà ở,
"Bán nhà 3 Tầng - 4 , 3wc khu Lakeside Bàu Tràm",4,Quận Liên Chiểu,"4,6 ",46,100,nhà ở,
"BÁN NHÀ 3 TẦNG - THÍCH PHƯỚC HUỆ, ĐÀ NẴNG",3,Quận Ngũ Hành Sơn,"5,8 ",44,133,nhà ở,
"BÁN NHÀ 3 TẦNG 2 MẶT TIỀN ĐƯỜNG NGUYỄN DỮ, ĐÀ NẴNG,  FULL NỘI THẤT",3,Quận Cẩm Lệ,"7,6 ",79,97,nhà ở,
Bán nhà 3 tầng 2 MT ngang 8m đường Nguyễn Đình Trọng gần chợ Hòa Khánh,3,Quận Liên Chiểu,15,94,160,nhà ở,
BÁN NHÀ 3 TẦNG 3 MÊ NGAY GẦN MIKAZUKI,5,Quận Liên Chiểu,"2,56 ",43,60,nhà ở,
"Bán Nhà 3 Tầng Đẹp Đường Bình Thái 3, Giá Tốt",4,Quận Cẩm Lệ,"4,3 ",43,100,nhà ở,
"Bán nhà 3 tầng đẹp, mặt tiền đường 10,5m Cao Hồng Lãnh",3,Quận Ngũ Hành Sơn,"4,65 ",47,100,nhà ở,
BÁN NHÀ 3 TẦNG ĐỖ HUY UYỂN _ VỊ TRÍ ĐẸP,3,Quận Sơn Trà,8,80,100,nhà ở,
Bán Nhà 3 Tầng Đối Diện Công Viên Khu Sinh Thái Hoà Xuân,3,Quận Cẩm Lệ,"6,25 ",63,100,nhà ở,
"Bán nhà 3 tầng đường 10,5m Lê Thanh Nghị",4,Quận Hải Châu,12,148,81,nhà ở,
BÁN NHÀ 3 TẦNG ĐƯỜNG BÙI BỈNH UYÊN FULL NỘI THẤT- NGŨ HÀNH SƠN,5,Quận Ngũ Hành Sơn,"5,5 ",55,100,nhà ở,
bán nhà 3 tầng đường diên hồng vị trí đẹp giá tốt,3,Quận Cẩm Lệ,"7,6 ",76,100,nhà ở,
"BÁN NHÀ 3 TẦNG FULL NỘI THẤT TẠI ĐƯỜNG HOÀ MINH 14 ,LIÊN CHIỂU, ĐN",3,Quận Liên Chiểu,"4,35 ",59,74,nhà ở,
Bán nhà 3 tầng Funll nội thất - Khu E Kim Long,3,Quận Liên Chiểu,"7,3 ",79,92,nhà ở,
Bán nhà 3 tầng Hoà Minh - gần trung tâm Quận Liên chiểu,3,Quận Liên Chiểu,"6,25 ",74,85,nhà ở,
Bán nhà 3 tầng khu biển sơn trà phạm văn đồng,3,Quận Sơn Trà,7,88,80,nhà ở,
"Bán Nhà 3 Tầng Khu Sơn Trà – Gần Biển Mỹ Khê, Vị Trí Đẹp, Kinh Doanh",3,Quận Sơn Trà,"3,8 ",69,55,nhà ở,
"Bán nhà 3 tầng kiệt 3m5 nở hậu Nguyễn Hoàng, thông kiệt Hoàng Diệu",2,Quận Hải Châu,"3,2 ",70,46,nhà ở,
BÁN NHÀ 3 TẦNG KIỆT 96/61 ĐIỆN BIÊN PHỦ ĐÀ NẴNG,3,Quận Thanh Khê,"3,55 ",83,43,nhà ở,
BÁN NHÀ 3 TẦNG KIỆT HOÀNG DIỆU,3,Quận Hải Châu,"3,2 ",70,46,nhà ở,
"BÁN NHÀ 3 TẦNG MẶT TIỀN ĐƯỜNG NGUYỄN THÀNH THỌ, PHƯỜNG HOÀ QUÝ - NHS",3,Quận Ngũ Hành Sơn,"4,85 ",49,100,nhà ở,
bán nhà 3 tầng mới 100% đường 7.5m Thanh Lương - Hoà Xuân - Cẩm Lệ,3,Quận Cẩm Lệ,"6,99 ",70,100,nhà ở,
Bán nhà 3 tầng mới cứng đường Huỳnh Ngọc Đủ 3 phòng ngủ.,3,Quận Cẩm Lệ,"6,8 ",68,100,nhà ở,
bán nhà 3 tầng MT Phạm Hùng - Vị trí kinh doanh sầm uất đường 15m,5,Huyện Hoa Vàng,"6,78 ",63,107,nhà ở,
Bán nhà 3 tầng Nguyễn Lương Băng -Đối diện trường ĐH Bách Khoa Đà Nẵng,4,Quận Liên Chiểu,11,101,109,nhà ở,
Bán nhà 3 tầng Phan Phu Tiên - sát biển,4,Quận Thanh Khê,"5,25 ",72,73,nhà ở,
Bán nhà 3 tầng sau lưng đường Phạm Hùng đối diện công viên,3,Huyện Hoa Vàng,"3,4 ",38,90,nhà ở,
"Bán nhà 3 tầng Trương Vĩnh Ký đường 7,5mCẩm Lệ Hoà Châu giá rẻ",3,Huyện Hoa Vàng,"3,99 ",40,100,nhà ở,
BÁN NHÀ 3 TẦNG VEW CÔNG VIÊN-HÒA MINH-GIÁ NHỈNH 4 ,3,Quận Liên Chiểu,"4,65 ",62,75,nhà ở,
BÁN NHÀ 3 TẦNG-KV HÒA MINH - ĐƯỜNG 10.5M-GIÁ NHỈNH 4 ,4,Quận Liên Chiểu,"4,35 ",48,90,nhà ở,
"Bán nhà 3 tầngX100m2  đường TRẦN KIM XUYẾN ,  Hoà Xuân ,  Cẩm Lệ",3,Quận Cẩm Lệ,"6,5 ",65,100,nhà ở,
"BÁN NHÀ 3TẦNG 2MẶT KIỆT ÔTÔ ĐƯỜNG HOÀNG DIỆU, HẢI CHÂU, TP ĐÀ NẴNG.",2,Quận Hải Châu,"5,6 ",93,60,nhà ở,
BÁN NHÀ 4 TẦNG 2 MẶT KIỆT Ô TÔ CÁCH ĐƯỜNG CHÍNH ÔNG ÍCH KHIÊM CHỈ 15M,4,Quận Thanh Khê,"5,3 ",90,59,nhà ở,
BÁN NHÀ 4 TẦNG BÌNH HOÀ - ĐƯỜNG 15M,4,Quận Cẩm Lệ,"6,8 ",68,100,nhà ở,
BÁN NHÀ 4 TẦNG ĐƯỜNG AN NHƠN KHU PHỐ HÀN DƯƠNG ĐÌNH NGHỆ,4,Quận Sơn Trà,"5,5 ",100,55,nhà ở,
BÁN NHÀ 4 TẦNG MẶT TIỀN 5M5 KHU AN NHƠN GẦN DƯƠNG ĐÌNH NGHỆ,4,Quận Sơn Trà,"5,6 ",104,54,nhà ở,
BÁN NHÀ 4 TẦNG MẶT TIỀN KINH DOANH ĐƯỜNG 7M5 CẦN GIUỘC,4,Quận Thanh Khê,"7,15 ",79,90,nhà ở,
bán nhà 4 tầng nghiêm xuân yêm-việt á,4,Quận Ngũ Hành Sơn,"7,9 ",79,100,nhà ở,
Bán nhà 4tâng mt lý triện tặng nội thất lh ***,4,Quận Thanh Khê,"12,5 ",125,100,nhà ở,
"Bán Nhà 6 Tầng Có tầng hầm , thang máy đường hoàng diệu",3,Quận Hải Châu,"16,5 ",250,66,nhà ở,
BÁN NHÀ AN THƯỢNG - GẦN NGAY CHÂU THỊ VĨNH TẾ - CÓ DÒNG THU ỔN ĐỊNH,2,Quận Ngũ Hành Sơn,"5,6 ",92,61,nhà ở,
"BÁN NHÀ BÀU CẦU 12, HOÀ CHÂU, HOÀ VANG, ĐÀ NẴNG!!",3,Huyện Hoa Vàng,"3,75 ",47,79,nhà ở,
Bán nhà biển mỹ an,9,Quận Ngũ Hành Sơn,"12,5 ",77,163,nhà ở,
"BÁN NHÀ BIỆT THỰ VIEW CÔNG VIÊN, TẠI ĐƯỜNG KHÁNH AN 9, LIÊN CHIỂU, ĐN",4,Quận Liên Chiểu,"5,29 ",35,150,nhà ở,
BÁN NHÀ C4 - KIỆT 2M - NGUYỄN ĐÌNH CHIỂU-VIỆT Á - 82M2 - 2.3 ,2,Quận Ngũ Hành Sơn,"2,3 ",28,82,nhà ở,
Bán nhà c4 2 mặt tiền nguyễn đăng dt đất 51m2,2,Quận Thanh Khê,"3,35 ",66,51,nhà ở,
Bán Nhà C4 gác lửng đúc- Tô Hiệu 2.85 ,2,Quận Liên Chiểu,"2,85 ",32,90,nhà ở,
"Bán nhà c4 gác lửng mới kiệt 3m Lê Thị Tính, An Khê, Thanh Khê sát đg",2,Quận Thanh Khê,"2,5 ",26,98,nhà ở,
Bán Nhà c4 Kiệt Nguyễn Công Trứ,1,Quận Sơn Trà,"2,1 ",29,72,nhà ở,
"Bán Nhà C4 Mai Xuân Thưởng,Q.Thanh Khê,65m2 4,4 ",2,Quận Thanh Khê,"4,4 ",68,65,nhà ở,
Bán nhà cấp 4 - Đào Nguyên Phổ,2,Quận Liên Chiểu,"3,94 ",53,75,nhà ở,
bán nhà cấp 4 an ngãi tây 3,1,Huyện Hoa Vàng,"1,45 ","9,7 ",150,nhà ở,
Bán nhà cấp 4 Đỗ Nhuận - gần chợ hoà mỹ,2,Quận Liên Chiểu,"3,68 ",40,91,nhà ở,
Bán nhà cấp 4 đường An Hoà 10 sát bên cạnh chợ Cẩm Lệ,2,Quận Cẩm Lệ,"3,65 ",41,90,nhà ở,
BÁN NHÀ CẤP 4 HÀ VĂN MAO KHU BẾN XE ĐỨC LONG,3,Huyện Hoa Vàng,"2,35 ",24,100,nhà ở,
Bán nhà cấp 4 khuê trung,2,Quận Cẩm Lệ,"2,75 ",25,112,nhà ở,
Bán nhà cấp 4 kiệt 4m đường trường Sơn gần cầu vượt hoà cầm,2,Quận Cẩm Lệ,"2,1 ",20,104,nhà ở,
"Bán nhà cấp 4 kiệt ô tô 6m đường Đặng Nhữ Lâm, diện tích 98m2",4,Quận Sơn Trà,"3,05 ",31,98,nhà ở,
BÁN NHÀ CẤP 4 KIỆT Ô TÔ ĐẶNG NHỮ LÂM - 98 M2 - 3.05 ,3,Quận Sơn Trà,"3,05 ",31,98,nhà ở,
BÁN NHÀ CẤP 4 MAI AN TIÊM HOÀ XUÂNCẨM LỆ,2,Huyện Hoa Vàng,"2,85 ",29,100,nhà ở,
Bán Nhà Cấp 4 Mặt Tiền Đường 3m75 Tân Thái Lề 3M,3,Quận Sơn Trà,"3,8 ",56,68,nhà ở,
Bán nhà cấp 4 mê đúc kiệt 3m đường K20 Gần Ngay Bệnh viện 600 Giường,2,Quận Ngũ Hành Sơn,"2,79 ",25,110,nhà ở,
BÁN NHÀ CẤP 4 MỚI XÂY KIÊN CỐ 145m2 ĐƯỜNG 4m OTO VÀO TRC SÂN,2,Huyện Hoa Vàng,"1,25 ","8,6 ",145,nhà ở,
Bán nhà chính chủ,4,Quận Ngũ Hành Sơn,5,50,100,nhà ở,
Bán nhà chính chủ đường trung hoà hoà quý giá rẽ,2,Quận Ngũ Hành Sơn,"2,95 ",30,100,nhà ở,
Bán nhà chính chủ mt PHẠM TỨ - KHUÊ TRUNG Dt 92m,1,Quận Cẩm Lệ,"5,99 ",65,92,nhà ở,
Bán nhà chính chủ( Vj trí thuân loi),3,Quận Ngũ Hành Sơn,"3,2 ",32,100,nhà ở,
"BÁN NHÀ CÓ 11P TRỌ NGAY ĐẠI HỌC SƯ PHẠM ĐƯỜNG 7,5M,GIÁ CHỈ 6TY400",10,Quận Cẩm Lệ,"6,4 ",64,100,nhà ở,
Bán nhà có dãy trọ,4,Huyện Hoa Vàng,"4,05 ",36,112,nhà ở,
BÁN NHÀ ĐỂ ĐỊNH CƯ NƯỚC NGOÀI,3,Huyện Hoa Vàng,4,28,143,nhà ở,
"Bán nhà Đẹp , vip , nội thất gỗ Sồi Mỹ Cao cấp Hoà Xuân",3,Quận Cẩm Lệ,"6,5 ",65,100,nhà ở,
Bán nhà đẹp 3 tầng mặt tiền kinh doanh bế Văn Đàn,5,Quận Thanh Khê,"7,55 ",77,98,nhà ở,
Bán nhà đẹp 3 tầng vào ở ngay,3,Huyện Hoa Vàng,"3,99 ",40,100,nhà ở,
"Bán nhà đẹp Hòa Sơn 7, Gần KCN Hòa Khánh",3,Huyện Hoa Vàng,"2,34 ",23,100,nhà ở,
Bán nhà đẹp mặt tiền Bình An 7 - Hải Châu - Đà Nẵng,3,Quận Hải Châu,"4,79 ",86,56,nhà ở,
Bán nhà đẹp Nguyễn tất Thành thông Nguyễn Lương Bằng 185,2,Quận Liên Chiểu,"1,85 ",29,64,nhà ở,
Bán Nhà Đẹp Tại KhuViệt Á - Ngũ Hành Sơn,3,Quận Ngũ Hành Sơn,"6,1 ",64,95,nhà ở,
bán nhà đẹp thiết kế hiện đại ( khu đô thị phước lý ),3,Quận Liên Chiểu,"4,698",52,90,nhà ở,
Bán nhà Đẹp Trần Cao Vân ngang 10m - 2 Trung tâm Đà Nẵng,2,Quận Thanh Khê,"2,75 ",42,66,nhà ở,
bán nhà đẹp vừa ở vừa kinh doanh gần biển mỹ khê Đà Nẵng,4,Quận Sơn Trà,16,178,90,nhà ở,
BÁN NHÀ ĐẸP XUÂN THIỀU - GẦN BIỂN - KV LIÊN CHIỂU -GIÁ NHỈNH 2 ,2,Quận Liên Chiểu,"2,7 ",38,72,nhà ở,
"BÁN NHÀ ĐỖ BÁ - NGŨ HÀNH SƠN, ĐÀ NẴNG",6,Quận Ngũ Hành Sơn,"7,5 ",55,137,nhà ở,
BÁN NHÀ ĐƯỜNG 10.5M CAO HỒNG LÃNH HÒA QUÝ,3,Quận Ngũ Hành Sơn,"4,65 ",47,100,nhà ở,
Bán nhà đường An Nhơn 8 cực đẹp sang trọng view công viên nhỉnh 7 .,3,Quận Sơn Trà,"7,2 ",103,70,nhà ở,
BÁN NHÀ ĐƯỜNG BẾ VĂN ĐÀN - GIÁ ĐẦU TƯ,6,Quận Thanh Khê,"6,29 ",84,75,nhà ở,
"Bán nhà đường Đá Bàn 1, KDC Phong Nam, Hoà Châu Đà Nẵng",2,Huyện Hoa Vàng,"2,85 ",21,135,nhà ở,
Bán nhà đường Đa Mặn 15 đường 7m5 nhà mới view công viên cực thoáng,3,Quận Ngũ Hành Sơn,"6,7 ",67,100,nhà ở,
"Bán nhà đường Hói Kiểng khuHòa Xuân, 3.5 tầng mới xây",5,Quận Ngũ Hành Sơn,"5,5 ",45,122,nhà ở,
"Bán nhà Đương Kiệt Ô Tô Phó Đức Chính, P. Mân Thái, Sơn trà, ĐN",3,Quận Sơn Trà,"5,2 ",56,92,nhà ở,
Bán nhà đường Mỹ An 23 mới cứng 3 tầng khu vực an sinh cực tốt.,4,Quận Ngũ Hành Sơn,6,60,100,nhà ở,
"BÁN NHÀ ĐƯỜNG PHẠM ĐỨC NAM, NGŨ HÀNH SƠN, ĐÀ NẴNG",2,Quận Ngũ Hành Sơn,"3,35 ",34,100,nhà ở,
bán nhà đường phan huỳnh điểu khu điện âmhoà xuân,4,Quận Ngũ Hành Sơn,"6,95 ",57,123,nhà ở,
"BÁN NHÀ GÁC LỬNG 2 MẶT TIỀN - HÒA CHÂU, ĐÀ NẴNG - GIÁ SIÊU HỜI 2,1 ",3,Huyện Hoa Vàng,"2,1 ",21,101,nhà ở,
"BÁN NHÀ gác lửng 2mt mới xây 101m2 HÒA CHÂU,ĐÀ NẴNG SIÊU HỜI CHÍNH CHỦ",3,Huyện Hoa Vàng,"2,05 ",20,101,nhà ở,
"Bán nhà gác lửng đúc kiệt Đẩu, Hải Châu",3,Quận Hải Châu,"3,25 ",63,52,nhà ở,
Bán Nhà Gác Lửng Đúc Liên Chiểu- Đà Nẵng,2,Quận Liên Chiểu,"1,48 ",25,60,nhà ở,
"BÁN NHÀ GÁC LỬNG KIỆT 4,5m HOÀNG MINH THẢO",3,Quận Liên Chiểu,"2,7 ",36,74,nhà ở,
BÁN NHÀ GÁC LỬNG KIỆT TRƯỜNG CHINH,2,Quận Cẩm Lệ,"1,9 ",22,85,nhà ở,
Bán nhà gác lửng mới đẹp đường Huỳnh Tịnh Của,3,Huyện Hoa Vàng,"2,98 ",25,117,nhà ở,
Bán nhà gần chợ Hoà Châu diện tích 150m2,2,Huyện Hoa Vàng,"2,15 ",14,150,nhà ở,
"Bán nhà góc 2 mặt tiềnHòa Xuân 183m2 3, 3wc, full nội thất",3,Quận Ngũ Hành Sơn,"7,6 ",46,167,nhà ở,
Bán nhà Hà Văn Mao Bến Xe Đức Long View Chợ Đầu mối,3,Huyện Hoa Vàng,"2,35 ",24,100,nhà ở,
Bán nhà Hoàng Hiệp hướng Tây Hoà Xuân 3 mê,3,Quận Cẩm Lệ,"6,2 ",62,100,nhà ở,
Bán nhà Hoàng Minh Giám Hoà Xuân,3,Quận Cẩm Lệ,"3,98 ",40,100,nhà ở,
Bán Nhà Hướng ĐôngLê Ấm Hoà Xuân,3,Quận Cẩm Lệ,"6,3 ",63,100,nhà ở,
Bán nhà Huỳnh Ngọc Đủ Hoà Xuân 3 mẻ đúc 100%,3,Quận Cẩm Lệ,"5,95 ",60,100,nhà ở,
"Bán nhà khu FPT , 90m2 , giá đầu tư và ở.",3,Quận Ngũ Hành Sơn,"4,3 ",48,90,nhà ở,
"Bán Nhà Kiệt 297 Trần Hưng Đạo, cách đường đúng 5 cái nhà.",2,Quận Sơn Trà,"2,38 ",29,82,nhà ở,
BÁN NHÀ KIỆT 4M TÔN ĐẢN,4,Quận Cẩm Lệ,"2,4 ",38,64,nhà ở,
Bán nhà kiệt 8m.hoà phước.hoà vang TPĐN,3,Huyện Hoa Vàng,"2,25 ",18,126,nhà ở,
Bán nhà kiệt Dũng sỹ Thanh Khê,3,Quận Thanh Khê,"2,99 ",60,50,nhà ở,
Bán nhà kiệt hẽm Hoàng diệu Hải Châu Đà Nẵng 104 m2,3,Quận Hải Châu,"3,4 ",65,52,nhà ở,
Bán nhà kiệt Lý Thái Tổ,3,Quận Thanh Khê,"2,95 ",59,50,nhà ở,
"Bán nhà kiệtcao nối dài,diện tích đất 75m2,diện tích sử dụng 58m2",2,Quận Liên Chiểu,1,11,75,nhà ở,
Bán nhà kiệt ngay sát nguyễn hoàng ngay gần cầu rồng vị trí kinh doanh,3,Quận Hải Châu,"3,35 ",63,53,nhà ở,
bán nhà kiệt ô tô Nguyễn Công Hoan,3,Quận Cẩm Lệ,"2,87 ",27,108,nhà ở,
Bán Nhà kiệt oto 40 Phan Thanh trung tâm thành phố,1,Quận Thanh Khê,"2,8 ",64,44,nhà ở,
Bán Nhà Kiệt Oto Tô Hiệu,3,Quận Liên Chiểu,"2,79 ",37,75,nhà ở,
Bán nhà kiệt Phạm văn Nghị,2,Quận Thanh Khê,"2,68 ",67,40,nhà ở,
Bán Nhà Kiệt Trần Đại Nghĩa Kiệt 4m Ô tô vào vi vu,2,Quận Ngũ Hành Sơn,"2,15 ",18,123,nhà ở,
Bán nhà mặt đường đường đa mặn khuê mỹ.ngủ hành Sơn,4,Quận Ngũ Hành Sơn,"4,9 ",58,85,nhà ở,
Bán nhà mặt phố,2,Quận Cẩm Lệ,"5,6 ",76,74,nhà ở,
Bán nhà mặt tiền,3,Quận Cẩm Lệ,"3,85 ",44,88,nhà ở,
BÁN NHÀ MẶT TIỀN 3 TẦNG TÔ HIỆU-DÒNG TIỀN ỔN ĐỊNH-GIÁ NHỈNH 5 ,10,Quận Liên Chiểu,"5,6 ",49,115,nhà ở,
bán nhà mặt tiền 4 tầng trưng nữ vương,4,Quận Hải Châu,"8,2 ",191,43,nhà ở,
bán nhà Mặt Tiền Đống Đa - P. Thạch Thang - Tp. Đà Nẵng,3,Quận Hải Châu,14,200,70,nhà ở,
bán nhà mặt tiền dũng sĩ thanh khê,4,Quận Thanh Khê,"7,6 ",109,70,nhà ở,
Bán Nhà Mặt Tiền Đường 7m5 Phước Lý,2,Quận Cẩm Lệ,"3,45 ",31,110,nhà ở,
Bán nhà mặt tiền đường bình an 7,3,Quận Hải Châu,"6,3 ",109,58,nhà ở,
"BÁN NHÀ MẶT TIỀN ĐƯỜNG LỚN 29/3 , VỪA Ở , Vừa KINH DOANH .",3,Quận Cẩm Lệ,"5,5 ",55,100,nhà ở,
"Bán nhà mặt tiền đường Phan Châu Trinh, quận Hải Châu, Đà Nẵng",4,Quận Hải Châu,17,202,84,nhà ở,
"Bán nhà mặt tiền Dương Tự Quán, sát Lê Quang Đạo, Mỹ An, NHS, ĐN.",3,Quận Ngũ Hành Sơn,"11,5 ",112,103,nhà ở,
Bán nhà mặt tiền Hoà An giá rẻ hơn nhà kiệt,3,Quận Cẩm Lệ,"3,15 ",53,60,nhà ở,
Bán Nhà Mặt tiền mê lửng đúc đường Hoà Minh 5.5m,3,Quận Liên Chiểu,"3,78 ",47,81,nhà ở,
Bán nhà mặt tiền ngang 10m cù chính lan thích hợp xây căn hộ văn phòng,2,Quận Thanh Khê,"12,5 ",63,198,nhà ở,
Bán nhà Mặt Tiền Nguyễn Trường Tộ,3,Quận Hải Châu,"4,95 ",99,50,nhà ở,
Bán nhà mặt tiền Núi Thành,7,Quận Hải Châu,"29,999",114,263,nhà ở,
bán nhà mặt tiền thổ sơn 2,3,Quận Ngũ Hành Sơn,"6,5 ",33,200,nhà ở,
Bán nhà mặt tiền TIỂU LA. ( Chính chủ TL Mạnh ),3,Quận Hải Châu,"7,49 ",91,83,nhà ở,
Bán nhà mặt tiền Tôn Đức Thắng sát bến xe,3,Quận Liên Chiểu,"6,7 ",134,50,nhà ở,
bán nhà mặt tiền TTTP Đà Nẵng gần chợ Cồn Ông Ích Khiêm,3,Quận Hải Châu,"8,75 ",164,53,nhà ở,
"BÁN NHÀ MẶTPHỐ 190M2/2LÔ 37-39 NGÔ QUYỀN , SƠN TRÀ, ĐÀ NẴNG",5,Quận Sơn Trà,16,84,190,nhà ở,
Bán nhà mê lững đúc kiệt oto Tô Hiệu chỉ sau lưng nhà mặt tiền,2,Quận Liên Chiểu,"2,79 ",37,75,nhà ở,
BÁN NHÀ MÊ LỬNG KIÊN CỐ ĐƯỜNG 5M5 GẦN BIỂN MÂN THÁI,3,Quận Sơn Trà,"4,5 ",60,75,nhà ở,
BÁN NHÀ MỚI ĐƯỜNG TRUNG LƯƠNG 6 HÒA XUÂN CẨM LỆ,3,Quận Cẩm Lệ,"5,1 ",46,110,nhà ở,
Bán nhà MT 02 Lê Ngô Cát 3 Tầng full noiij thất Đà nẵng,2,Quận Thanh Khê,"3,99 ",53,75,nhà ở,
"Bán Nhà MT Đường 7,5m  Hoàng Trung Thông Gần UBND Q Liên Chiểu",2,Quận Liên Chiểu,"4,199",42,100,nhà ở,
BÁN NHÀ MT Đường 7.5 đang có dòng thu hơn 40tr/tháng,3,Quận Ngũ Hành Sơn,"7,95 ",84,95,nhà ở,
"Bán nhà Mt Hải Hồ, Hải Châu, ĐN. Diện tích hơn 90m2, giá nhỉnh 6 !",2,Quận Hải Châu,"6,75 ",74,91,nhà ở,
"Bán nhà MT Nguyễn Tất Thành, sát Ông Ích Khiêm, ngay bãi tắm Thanh Khê",3,Quận Hải Châu,13,104,125,nhà ở,
"Bán nhà Phạm Hùng,Hoà xuân,Cẩm Lệ tp Đà Nẵng",3,Quận Cẩm Lệ,"6,3 ",59,108,nhà ở,
"Bán nhà Phú Lộc 18, Phường Hoà Minh 5x19m giá 3.9  tl gần biển",2,Quận Liên Chiểu,"3,9 ",44,88,nhà ở,
"BÁN NHÀ RIÊNG TẠI KIỆT 68 ĐƯỜNG VÕ VĂN TẦN, 2.49  VND, 47 M2",2,Quận Thanh Khê,"2,49 ",53,47,nhà ở,
Bán nhà tại đường Nguyễn Cách giá chỉ 1.85 ,2,Huyện Hoa Vàng,"1,85 ",12,150,nhà ở,
BÁN NHÀ THIẾT KẾ BOUTIQUE NGAY TRUNG TÂM TP CÓ DÒNG TIỀN TỐT ĐẦU TƯ,10,Quận Hải Châu,"17,9 ",119,150,nhà ở,
BÁN NHÀ THIẾT KẾ HIỆN ĐẠI ĐƯỜNG PHẠM XUÂN ẨN,3,Quận Cẩm Lệ,6,60,100,nhà ở,
"Bán nhà Trần Cao Vân, Khu TTHC Quận Thanh Khê - DT:111m2, Giá 9.99 ",2,Quận Thanh Khê,"9,99 ",90,111,nhà ở,
Bán Nhà Trung Tâm đường Hùng Vương kiệt 2 đối diện BigC rộng 84m2,2,Quận Thanh Khê,"3,15 ",38,84,nhà ở,
"Bán nhà VIP 3 tầng Hồ Nghinh, Sơn Trà, Đà nẵng",4,Quận Sơn Trà,"31,5 ",207,152,nhà ở,
Bán nhà Vip mới Hoà Xuân sát Lê Quảng Chí,3,Quận Cẩm Lệ,"6,78 ",68,100,nhà ở,
Bán nhà vườn biệt thự 1000m2 có 150m2 đất ở view sông cu đê rất đẹp,2,Huyện Hoa Vàng,"4,5 ","4,5 ",1000,nhà ở,
Bán nhà vườn Hoà Phú,2,Huyện Hoa Vàng,"3,5 ",8,436,nhà ở,
"BÁN NHANH CĂN HỘ 1 PHÒNG NGỦ TẠI ĐÀ NẴNG PLAZA,TRẦN PHÚ, HẢI CHÂU",1,Quận Hải Châu,"2,1 ",30,69,chung cư / căn hộ,
"Bán nhanh căn hộ 2 HAGL 94m2 tầng vừa view đẹp, sổ hồng lâu dài",2,Quận Thanh Khê,"2,2 ",23,94,chung cư / căn hộ,
"Bán nhanh căn hộ 71m2, Nội thất đầy đủ tại chung cư FPT Plaza 2",2,Quận Ngũ Hành Sơn,"2,3 ",32,71,chung cư / căn hộ,
Bán nhanh căn hộ biển tầng cao,1,Quận Sơn Trà,"2,45 ",52,47,chung cư / căn hộ,
"Bán nhanh căn hộ Full Nội Thất, Hướng Đông gồm 2 tại FPT Plaza 2",2,Quận Ngũ Hành Sơn,"1,98 ",35,56,chung cư / căn hộ,
BÁN NHANH CĂN HỘ NGOẠI GIAO GIÁ TỐT TẠI DỰ ÁN CĂN HỘ BIỂN MỸ KHÊ ĐN,1,Quận Ngũ Hành Sơn,"3,55 ",57,62,chung cư / căn hộ,
Bán Nhanh Căn Nhà MT Mẹ Thứ Cẩm Lệ Giá *** Thị Trường,3,Quận Cẩm Lệ,"5,05 ",51,100,nhà ở,
BÁN NHANH NHÀ 2 MÊ ĐƯỜNG 7M5 HÀ TÔNG HUÂN KHU ĐẦU TUYẾN SƠN TRÀ,3,Quận Sơn Trà,"5,3 ",59,90,nhà ở,
Bán nhanh nhà 2 tầng đẹp Hồ Phi Tích Hoà Xuân,3,Quận Cẩm Lệ,"5,4 ",54,100,nhà ở,
"Bán nhanh nhà 3 tầng, ô tô đỗ cửa, 100m2 chỉ 4.2  Bình Thái 4,Cẩm Lệ",3,Quận Cẩm Lệ,"4,2 ",42,100,nhà ở,
Bán Nhanh t MT Đường Nguyễn Thế Kỉ Khuê Mỹ Ngũ Hành Sơn Giá 455,1,Quận Ngũ Hành Sơn,"4,55 ",48,95,nhà ở,
Bán Nhanh Tòa Căn Hộ Thu Nhập Quá ổn định Gần Biển. Và Trường Đại Học,10,Quận Ngũ Hành Sơn,"9,2 ",78,118,nhà ở,
"Bán toà Bất động sản có dòng tiền tại Ngã Ba Huế, Đà Nẵng:",3,Quận Liên Chiểu,"7,7 ",50,153,nhà ở,
Bán toà bất động sản dòng tiền Dthu 160-200tr tại TTTP Đà Nẵng,10,Quận Hải Châu,18,120,150,nhà ở,
"Bán tòa căn hộ  đường 10m5 gần cầu Nguyễn Tri Phương, hòa xuân",10,Quận Cẩm Lệ,11,110,100,chung cư / căn hộ,
"Bán tòa căn hộ 6,5 tầng full nội thất, hòa xuân",10,Quận Cẩm Lệ,11,110,100,chung cư / căn hộ,
Bán tòa căn hộ 7m5 HÒA CƯỜNG gần Lê Thanh Nghị giá rẻ,10,Quận Hải Châu,"11,5 ",102,113,nhà ở,
Bân tòa căn hộ đẹp doanh thu 60tr/1th giá rẻ Võ Văn Kiệt,9,Quận Sơn Trà,"10,7 ",99,108,nhà ở,
bán toà căn Hộ Hoà Cường - Q. Hải Châu - Tp. Đà nẵng,10,Quận Hải Châu,"11,5 ",102,113,nhà ở,
Bán toà căn hộ khu An Thượng LUXURY đất 220m2 dòng tiền 120tr/tháng.,10,Quận Ngũ Hành Sơn,24,109,220,nhà ở,
BÁN TÒA CĂN HỘ NGAY TRUNG TÂM QUẬN HẢI CHÂU. THU NHẬP ỔN ĐỊNH,6,Quận Hải Châu,4,51,79,nhà ở,
Bán tòa khách sạn ngay chợ hàn. khu khách tây rất đông,10,Quận Hải Châu,21,221,95,nhà ở,
BÁN TOÀ NHÀ 16P NGAY TRUNG TÂM THÀNH PHỐ CÓ DÒNG TIỀN TỐT,10,Quận Hải Châu,"17,9 ",119,150,nhà ở,
"Bán toà nhà BDS dòng tiền 45tr/tháng gần Sơn, Yên Thế, Đà Nẵng",10,Quận Liên Chiểu,"7,6 ",50,153,nhà ở,
Bán tòa nhà có 9 căn hộ mới keng. sát biển sơn trà giáp mân Thái.,9,Quận Sơn Trà,"8,5 ",54,156,nhà ở,
"Bán toà nhà Thu nhập 75tr/tháng tại Đinh Tiên Hoàng, Thanh Khê Đà Nẵng",10,Quận Thanh Khê,16,78,206,nhà ở,
"Bán Ưu Đãi Căn Hộ Cao Cấp View Biển Mỹ Khê, Đà Nẵg",2,Quận Ngũ Hành Sơn,"3,599",44,83,chung cư / căn hộ,
"Bán Villa 2 phòng ngủ 484 m2 tại Fusion Villa Đà Nẵng chỉ 27,1 ",2,Quận Ngũ Hành Sơn,"27,1 ",56,484,chung cư / căn hộ,
Bán villa 3 phòng ngủ 502m2 tại Fusion Villa Đà Nẵng chỉ 36 ,3,Quận Ngũ Hành Sơn,36,72,502,chung cư / căn hộ,
bán xác nhà tiền chế lắp ghép 2 tầng.,3,Huyện Hoa Vàng,0,"1,2 ",230,nhà ở,
BIỆT THỰ 2 MẶT TIỀN AN THƯỢNG - GIÁ TỐT - 108 ngang 6m - 4 TẦNG 5 ,5,Quận Ngũ Hành Sơn,17,157,108,nhà ở,
BIỆT THỰ 200M2 ĐƯỜNG THỔ SƠN 2 GẦN BÃI TẮM SƠN THỦY NGŨ HÀNHSƠN CHỈ 6,3,Quận Ngũ Hành Sơn,"6,6 ",33,200,nhà ở,
BIỆT THỰ GẦN QUẢNG TRƯỜNG SÔNG ĐÔ TỎA,3,Quận Cẩm Lệ,"6,999",71,98,nhà ở,
"️BIỆT THỰ MINI sang trọng, sát QL1A; gần chợ đầu mối H. Phước, Đà Nẵng",4,Huyện Hoa Vàng,"2,55 ",20,125,nhà ở,
BIỆT THỰ SÔNG HÀN mà RẤT NHIỀU ĐẠI GIA và VIỆT KIỀU khao khát SỞ HỮU,4,Quận Hải Châu,"19,5 ",130,150,nhà ở,
"Cách Đường 30m, Nhà Đẹp Đẩu, Hải Châu",3,Quận Hải Châu,"3,25 ",63,52,nhà ở,
Cầm 2  có ngay nhà c4 kiệt oto thông Hoàng Văn Thái_85m2,2,Quận Liên Chiểu,"2,05 ",24,85,nhà ở,
Căn 1 View Biển Và Bán Đảo Sơn Trà Tại Penisula,1,Quận Sơn Trà,"2,9 ",58,50,chung cư / căn hộ,
Căn 1 view sông Hàn góc,1,Quận Sơn Trà,"3,75 ",63,60,chung cư / căn hộ,
Căn 2  Sun Symphony view trực diện sông Hàn giá 3 ,2,Quận Sơn Trà,3,60,50,chung cư / căn hộ,
Căn 2  view biển tầng cao Sun Cosmo Đà Nẵng giá 2.7  full giá,2,Quận Ngũ Hành Sơn,"2,7 ",55,49,chung cư / căn hộ,
Căn 2 view biển Đà Nẵng chỉ 4  2 chiết khấu đến 15.5%,2,Quận Sơn Trà,"4,2 ",72,58,chung cư / căn hộ,
Cần bán  gấp Thôi Hữu gần biển. giá đầu tư. hướng Tây 90m2,1,Quận Sơn Trà,"3,98 ",44,90,nhà ở,
Cần bán  nhà góc chợ hòa khánhmặt tiền 23m,6,Quận Liên Chiểu,"3,4 ",43,80,nhà ở,
"Cần bán , toà nhà đangKD16p trọ,lợi nhuận50tr/1t. 10m ra Phạm Hùng ĐN",10,Huyện Hoa Vàng,"9,2 ",41,225,nhà ở,
Cần Bán 2 Căn Hộ Tại The Ori Garden Chỉ Từ 1.2 /căn,2,Quận Liên Chiểu,"1,2 ",21,58,chung cư / căn hộ,
Cần bán 2 hagl tầng trung nội thất cơ bản,2,Quận Thanh Khê,"2,2 ",23,94,chung cư / căn hộ,
Cần bán bớt căn hộ 50m2 ven sông Hàn -Giá 2ty339 - CHỈ 1 CĂN ***,2,Quận Ngũ Hành Sơn,"2,339",47,50,chung cư / căn hộ,
"CẦN BÁN CĂN 1 - CHUNG CƯ THE ORI GARDEN, LIÊN CHIỂU, ĐÀ NẴNG",1,Quận Liên Chiểu,1,16,38,chung cư / căn hộ,
"CẦN BÁN CĂN 2 PONTE GIÁ RẺ NHẤT GIỎ HÀNG, NGÂN HÀNG HỖ TRỢ VAY 70%",2,Quận Sơn Trà,"1,12 ",16,68,chung cư / căn hộ,
Cần bán căn 2 tầng trung 94m2 sổ đỏ lâu dài,2,Quận Thanh Khê,"2,2 ",23,94,chung cư / căn hộ,
CẦN BÁN CĂN GÓC BIỆT THỰ MINI AN THƯỢNG SÁT BIỂN MỸ KHÊ - ĐÀ NẴNG,3,Quận Ngũ Hành Sơn,14,165,85,nhà ở,
"Cần bán căn hộ 2 71,8m tầng 16 view trực diện sông Hàn, TT Đà Nẵng",2,Quận Sơn Trà,"3,981",55,72,chung cư / căn hộ,
Cần bán căn hộ 2 phòng ngủ Mường Thanh view biển Mỹ Khê,2,Quận Ngũ Hành Sơn,"2,73 ",41,67,chung cư / căn hộ,
Cần bán căn hộ 2 tại Sam Towers giá trực tiếp CĐT,2,Quận Hải Châu,"5,55 ",80,69,chung cư / căn hộ,
Cần bán căn hộ chung cư HAGL 2 dt 94m Full nội thất,2,Quận Thanh Khê,"2,2 ",23,94,chung cư / căn hộ,
"Cần bán căn hộ chung cư HAGL căn góc 3 diện tích 110m,full nội thất",3,Quận Thanh Khê,"2,6 ",24,110,chung cư / căn hộ,
Cần Bán Căn Hộ Chung Cư HAGL Sổ Hồng Lâu Dài - 2 94m2,2,Quận Thanh Khê,"2,4 ",26,94,chung cư / căn hộ,
Cần Bán Căn Hộ Còn Mới 100% Đầy Đủ Giấy Tờ Đang Full Phòng Dòng Tiền,9,Quận Sơn Trà,14,165,85,chung cư / căn hộ,
"Cần bán căn hộ HAGL 2 - 3 nhà còn mới, có sổ hồng lâu dài",2,Quận Thanh Khê,"2,3 ",24,94,chung cư / căn hộ,
CẦN BÁN CĂN HỘ PLAZA 1 - GIÁ CHỈ 1.8 ,2,Quận Ngũ Hành Sơn,"1,8 ",26,69,chung cư / căn hộ,
"Cần bán căn hộ tâm huyết 46.4 Peninsula, trung tâm Đà Nẵng",1,Quận Sơn Trà,"2,199",47,46,chung cư / căn hộ,
Cần bán căn nhà cấp 4 gác đúc hiện đại Hà Huy Tập sau nhà mặt tiền.,1,Quận Thanh Khê,"2,6 ",26,100,nhà ở,
Cần bán căn nhà mặt tiền Tôn Đức Thắng đối diện bến xe,2,Quận Cẩm Lệ,"8,6 ",93,92,nhà ở,
"CẦN BÁN ĐẤT TẶNG NHÀ KIỆT LÊ HỮU TRÁC, SƠN TRÀ, ĐÀ NẴNG",2,Quận Ngũ Hành Sơn,"5,35 ",64,83,nhà ở,
"Cần bán dãy trọ 4 phòng, mặt tiền đường Trần Quý Khoách",4,Quận Liên Chiểu,"3,75 ",42,90,nhà ở,
"Cần bán gấp nhà 2 tầng , kiệt Oto Bà Huyện Thanh Quan gần Biển 4650",3,Quận Ngũ Hành Sơn,"4,65 ",61,76,nhà ở,
CẦN BÁN GẤP NHÀ ĐI NƯỚC NGOÀI,3,Huyện Hoa Vàng,4,43,93,nhà ở,
Cần Bán Lô Đất 170m2 đường Nguyễn Văn Thoại Ngũ Hành Sơn,2,Quận Ngũ Hành Sơn,"11,75 ",69,170,nhà ở,
"Cần bán lô đất tặng nhà C4, 2 mặt tiền kiệt ô tô 4m, thông TCV-NTT",1,Quận Thanh Khê,"7,25 ",51,143,nhà ở,
Cần bán nhà,2,Huyện Hoa Vàng,"2,25 ",18,126,nhà ở,
"Cần bán nhà 2 tầng kiệt Cô Giang gần đường chính, gần Cầu Rồng",3,Quận Hải Châu,"3,15 ",70,45,nhà ở,
Cần bán nhà 3 tầng 3  sát nguyễn phước lan hoà xuân,3,Quận Cẩm Lệ,"5,2 ",52,100,nhà ở,
Cần bán nhà 3 tầng trục đường chính khuCẩm Lệ,3,Huyện Hoa Vàng,"3,95 ",44,90,nhà ở,
Cần bán nhà biệt thự trước chợ Quan Nam,6,Huyện Hoa Vàng,"5,3 ",28,192,nhà ở,
Cần bán nhà Cấp 4 đúc K884,3,Quận Liên Chiểu,"1,289",23,56,nhà ở,
Cần bán nhà kiệt Trần cao Vân vi trí đẹp gần đường,3,Quận Thanh Khê,"3,85 ",59,65,nhà ở,
Cần bán nhà mặt tiền Hoà An 7 giá chỉ 3ty150 có thương lượng,3,Quận Cẩm Lệ,"3,15 ",53,60,nhà ở,
Cần Bán Nhà Mặt Tiền Mai Đăng Chơn 80m2,2,Quận Ngũ Hành Sơn,"3,45 ",43,80,nhà ở,
Cần bán nhà ngay trung tâm hành chính huyện HÒA Vang,3,Huyện Hoa Vàng,"1,8 ",16,113,nhà ở,
CẦN BÁN NHÀ Ở HOÀ VANG - HOÀ KHƯƠNG,3,Huyện Hoa Vàng,"1,45 ","9,2 ",157,nhà ở,
Cần bán nhà phú hòa hòa nhơn,2,Huyện Hoa Vàng,"1,4 ",16,87,nhà ở,
"Cần bán nhà trọ mới xây, góc 02 mặt tiền ngã tư, có 4 phòng",4,Huyện Hoa Vàng,"4,05 ",36,112,nhà ở,
Cần bán nhà vườn đã có sẵn như gần BàNà Hill,2,Huyện Hoa Vàng,"3,7 ",7,527,nhà ở,
"Cần bán nhà vườn, đất biệt thự m2 đất ở hoàn toàn,đã chia làm 2 sổ",1,Huyện Hoa Vàng,297,404,736,nhà ở,
Cần bán nhanh nhà 3 tầng 3 /4wc hoà xuân sát nguyễn hiến lê,3,Quận Cẩm Lệ,"5,7 ",57,100,nhà ở,
Cần Bán Villa nhà vườn nghĩ dưỡng tại Hoà Khương,4,Huyện Hoa Vàng,"6,6 ",10,650,nhà ở,
Căn cuối cùng giá rẻ vô địch căn hộ Sun Ponte Đà Nẵng view Cầu Rồng.,2,Quận Sơn Trà,"4,5 ",66,68,chung cư / căn hộ,
căn góc 2 70m2 2 vệ sinh toà e4 hoà khánh,2,Quận Liên Chiểu,1,12,70,chung cư / căn hộ,
căn góc 67m2 830tr toà b2 hoà khánh mới 100%,2,Quận Liên Chiểu,1,12,67,chung cư / căn hộ,
Căn góc đường yên thế,3,Quận Cẩm Lệ,"11,9 ",64,186,nhà ở,
Căn HAGL 2 94m2 - sổ hồng lâu dài - tầng trung - Tại sao lại ko !,2,Quận Thanh Khê,"2,2 ",23,94,chung cư / căn hộ,
CĂN HỘ  MƯỜNG THANH Q.SƠN TRÀ,1,Quận Sơn Trà,"1,69 ",33,51,chung cư / căn hộ,
căn hộ 1 dọn vào ở ngay phù hợp cho vợ chồng son rẻ rất rẻ,1,Quận Liên Chiểu,0,13,33,chung cư / căn hộ,
căn hộ 1 thiết kế kiểu nhật trung tâm quận liên chiểu,1,Quận Liên Chiểu,"0,645",17,38,chung cư / căn hộ,
Căn hộ 2 full nội thất giá rẻ nhất thị trường chưa tới 5,2,Quận Hải Châu,5,72,69,chung cư / căn hộ,
"Căn hộ 2 HAGL tầng trung, nhà đẹp, full nội thất - sổ hồng lâu dài",2,Quận Thanh Khê,"2,35 ",25,94,chung cư / căn hộ,
Căn hộ 2 phòng ngủ  100m2 tầm nhìn biển,2,Quận Sơn Trà,"6,7 ",67,100,chung cư / căn hộ,
căn hộ 2 phòng ngủ dọn vào ở ngay trung tâm Liên Chiểu hot hot,2,Quận Liên Chiểu,1,13,70,chung cư / căn hộ,
Căn hộ 2 phòng ngủ Luxury mặt biển,2,Quận Sơn Trà,"6,7 ",67,100,chung cư / căn hộ,
căn hộ 2 phòng ngủ nội thất thiết kế kiểu nhật dọn vào ở ngay,2,Quận Liên Chiểu,1,16,57,chung cư / căn hộ,
Căn hộ 2 tầng cao mặt tiền Sông Hàn view Biển,2,Quận Hải Châu,"5,6 ",80,70,chung cư / căn hộ,
"CĂN HỘ 2 VIEW BIỂN, GIÁ CHỈ 55TR/M2, NỘI THẤT CHUẨN 5*",2,Quận Liên Chiểu,"4,125",55,75,chung cư / căn hộ,
Căn hộ 3 phòng ngủ The Filmore,3,Quận Hải Châu,"7,241",48,152,chung cư / căn hộ,
căn hộ 70m2 rộng rãi phù hợp cho vợ chồng vào ở ngay,2,Quận Liên Chiểu,1,11,70,chung cư / căn hộ,
Căn hộ cao cấp 2 phòng ngủ PENINSULA,2,Quận Sơn Trà,"3,31 ",54,62,chung cư / căn hộ,
Căn hộ cao cấp Peninsula Đà Nẵng 2 view trực diện sông Hàn,2,Quận Sơn Trà,"3,3 ",51,65,chung cư / căn hộ,
"Căn hộ cao cấp SAM Towers chỉ từ 1,2 view trực diện Sông Hàn",1,Quận Hải Châu,"1,2 ",26,47,chung cư / căn hộ,
"Căn hộ cao cấp Sun Symphony chỉ từ 780tr, CK tới 16%, NH giải ngân 70%",2,Quận Sơn Trà,"3,2 ",53,60,chung cư / căn hộ,
Căn hộ cao cấp view biển - chỉ từ 55 triệu/m2,2,Quận Liên Chiểu,0,"0,7",78,chung cư / căn hộ,
"Căn hộ cao cấp view sông Hàn vốn ban đầu chỉ 1  2, vay 85%, miễn lãi",2,Quận Hải Châu,"1,2 ",23,53,chung cư / căn hộ,
Căn hộ có thật tại thị trường Đà Nẵng hiện nay Giá bán bao sổ 1ty477,2,Quận Liên Chiểu,1,"8,3 ",60,chung cư / căn hộ,
Căn Hộ Đắc Địa Bật Nhất Đà Nẵng Vị Trí Đẹp Nhất Đà Nẵng Hạng Sang,3,Quận Liên Chiểu,"3,5 ",64,55,chung cư / căn hộ,
Căn Hộ FPT View Biển Full nội thất cao cấp sẵn nhà giao ngay,2,Quận Ngũ Hành Sơn,"2,45 ",34,72,chung cư / căn hộ,
căn hộ góc Mường Thanh sát biển tầng cao,2,Quận Sơn Trà,"2,42 ",40,60,chung cư / căn hộ,
Căn hộ Luxury 2 phòng ngủ siêu đẹp,2,Quận Sơn Trà,"4,3 ",57,75,chung cư / căn hộ,
Căn hộ Luxury 5* mặt biển Mỹ Khê,2,Quận Sơn Trà,"4,3 ",57,75,chung cư / căn hộ,
Căn hộ mặt biển Đà Nẵng -Ô Discovery Đà Nẵng giá chỉ từ 55tr/m2,2,Quận Liên Chiểu,"4,125",55,75,chung cư / căn hộ,
CĂN HỘ MẶT SÔNG HÀN SAM TOWERS NHẬN NHÀ Ở NGAY - NGÂN HÀNG CHO VAY 65%,2,Quận Hải Châu,"1,5 ",21,70,chung cư / căn hộ,
"Căn hộ mặt tiền biển, sở hữu lâu dài, chỉ từ 2,2 /căn , đã bàn giao",1,Quận Hải Châu,"2,2 ",34,65,chung cư / căn hộ,
"Căn hộ Monarchy Block B căn 2 77m2 Giá 3,1 ",2,Quận Sơn Trà,"3,1 ",40,77,chung cư / căn hộ,
Căn hộ Mường Thanh view biển 2 gu 2wc 68m2 tầng cao,2,Quận Sơn Trà,"2,39 ",35,68,chung cư / căn hộ,
Căn hộÔ 1 45m2 sở hữu lâu dài mặt biển,1,Quận Liên Chiểu,"2,45 ",54,45,chung cư / căn hộ,
"Căn hộ SAM Towers Da Nang, mặt tiền sông Hàn, sở hữu lâu dài",2,Quận Hải Châu,"4,4 ",65,68,chung cư / căn hộ,
"Căn hộ Sam Towers mặt tiền sông Hàn Đà Đẵng, TT 30% dọn vào ở ngay",1,Quận Hải Châu,"3,7 ",70,53,chung cư / căn hộ,
"Căn hộ SAM Towers Sông Hàn 2, 84, tầng 28, view sông.",2,Quận Hải Châu,"8,84 ",105,84,chung cư / căn hộ,
CĂN HỘ THE ORI GARDEN - 2  - NHỈNH 1 ,2,Quận Liên Chiểu,"1,39 ",23,60,chung cư / căn hộ,
căn hộ trung tâm quận liên chiểu nội thất kiểu nhật,1,Quận Liên Chiểu,1,17,38,chung cư / căn hộ,
căn hộ vip quận ngủ hành sơn,10,Quận Ngũ Hành Sơn,0,"0,09",168,chung cư / căn hộ,
"CĂN NHÀ mà RẤT NHIỀU NHÀ ĐẦU TƯ BĐS HÀ NỘI thích: 90 ngang 4m, 3TẦNG",4,Quận Ngũ Hành Sơn,"7,2 ",80,90,nhà ở,
"Cần tiền bán GẤP căn nhà 2 tầng tâm huyết khu Đầm Sen,Hòa Xuân",2,Quận Ngũ Hành Sơn,"4,2 ",42,100,nhà ở,
CẦN TIỀN BÁN GẤP NHÀ 2 TẦNG SÁT TRUNG TÂM HÀNH CHÍNH HUYỆN HOÀ VANG,3,Huyện Hoa Vàng,"2,3 ",20,115,nhà ở,
Cập nhật quỹ căn hộ FPT PLAZA 2 gia tốt,2,Quận Ngũ Hành Sơn,"2,06 ",30,69,chung cư / căn hộ,
"Cắt lỗ 300tr bán nhanh căn view sông Hàn, trực diện pháo hoa Diff",2,Quận Hải Châu,"1,53 ",22,69,chung cư / căn hộ,
"Cắt lỗ 500tr căn hộ 2 view trực diện sông Hàn, pháo hoa Diff",2,Quận Hải Châu,"5,3 ",77,69,chung cư / căn hộ,
"Cắt lỗ căn Cosmo 1+1 hướng Đông Nam, tầng trung, view biển Mỹ Khê",2,Quận Ngũ Hành Sơn,"2,902",58,50,chung cư / căn hộ,
Cắt lỗ căn Cosmo 1+1 view biển Mỹ Khê,1,Quận Ngũ Hành Sơn,"2,9 ",58,50,chung cư / căn hộ,
Cc bán cắt lỗ Căn Hộ 2 View Biển Đaf Nẵng,2,Quận Hải Châu,"5,1 ",73,70,chung cư / căn hộ,
Cc bán nhà 2 tầng mới xây Dt 8m2 đường 5m5,3,Quận Liên Chiểu,"3,2 ",40,80,nhà ở,
cc cần ra đi gấp căn góc  2 nội thất nhật dọn vào ở ngay trung tâm,2,Quận Liên Chiểu,"0,93",16,57,chung cư / căn hộ,
cc cần ra đi gấp căn góc 2 dọn vào ở ngay trung tâm quận Liên chiểu,2,Quận Liên Chiểu,1,16,57,chung cư / căn hộ,
cc cần ra đi gấp căn hộ 1 full nội thất sang tên công chứng ngay,1,Quận Liên Chiểu,"0,535",15,35,chung cư / căn hộ,
cc cần ra đi gấp căn hộ thương mại  dọn vào ở ngay,2,Quận Liên Chiểu,"1,3 ",22,59,chung cư / căn hộ,
cc cần ra đi gấp căn hộ thương mại thiết kế kiểu nhật nằm ở trung tâm,2,Quận Liên Chiểu,"1,47 ",26,57,chung cư / căn hộ,
CC CAO CẤP HÀM NGHI VIEW NGUYỄN VĂN LINH - 100M2-2- 2  5,2,Quận Thanh Khê,"2,5 ",25,100,chung cư / căn hộ,
Cc thanh lý nhà C4 - gác đúc trả nợ ngân hàng dt đất 65m2,2,Quận Thanh Khê,"2,54 ",39,65,nhà ở,
Chào bán : Dãy trọ 5phong Mt Tú Quỳ kep kiệt Nguyễn huy tưởng.,5,Quận Liên Chiểu,"3,6 ",38,95,nhà ở,
"Chào bán : Nhà cấp 4 đường 5m5 Hoà Nam2 , khu vuc Đông đúc gần bến xe",3,Quận Cẩm Lệ,"3,55 ",32,110,nhà ở,
Chào bán căn nhà 2 tầng Khu dân cưCầu Cẩm Lệ,2,Huyện Hoa Vàng,"3,35 ",36,93,nhà ở,
Chào bán căn nhàNguyễn Tất Thành nối dài,2,Huyện Hoa Vàng,"2,4 ",25,95,nhà ở,
chào bán nhà gác đúc kiệt ô tô nhà xây mới 100%,3,Quận Liên Chiểu,"3,05 ",31,100,nhà ở,
"CHDV DƯƠNG ĐÌNH NGHỆ - 90 ngang 5,3m - 7TẦNG 10CĂN -THU NHẬP 70TR/th",10,Quận Sơn Trà,"12,3 ",137,90,nhà ở,
"CHDV khá đẹp và gần BIỂN, mặt tiền AN THƯỢNG 37, 75m2 ngang 5m, 6 tầng",10,Quận Ngũ Hành Sơn,15,200,75,nhà ở,
"CHỈ 12  SỞ HỮU NGAY NHÀ MT TRƯNG NỮ VƯƠNG - 116 ngang KHỦNG 6,7m",4,Quận Hải Châu,12,103,116,nhà ở,
CHỈ 49TR/M2- BÁN NHÀ 2 TẦNG ĐƯỜNG OTO GẦN CẦU RỒNG- ĐI BIỂN 3 PHÚT,5,Quận Sơn Trà,"5,999",49,122,nhà ở,
CHỈ 5  ĐẦU TƯ CĂN HỘ TRỰC DIỆN SÔNG SAM TOWERS LỢI NHUẬN 200TR/NĂM,2,Quận Hải Châu,"5,3 ",77,69,chung cư / căn hộ,
"CHỈ 6,2  SỞ HỮU NGAY NHÀ MẶT TIỀN TỐ HỮU - 90 ngang 5m - 2TẦNG 2",2,Quận Cẩm Lệ,"6,2 ",69,90,nhà ở,
"Chỉ căn góc HAGl 3 phòng ngủ , 117m2, full nội thất , giá sụp hầm",3,Quận Thanh Khê,"2,6 ",22,117,chung cư / căn hộ,
Chính Chủ Bán Căn Nhà 3 Tầng Phạm Xuân Ẩn,3,Quận Cẩm Lệ,6,60,100,nhà ở,
"Chính chủ bán dãy trọ tầm trung, dòng tiền ổn định >100triệu/năm",7,Quận Liên Chiểu,"3,2 ",23,141,nhà ở,
chính chủ bán nhà 2 mặt tiền siêu hiếm khu vực phố tây An Thượng,3,Quận Ngũ Hành Sơn,"13,5 ",165,82,nhà ở,
"Chính chủ bán nhà 2 Tầng Mặt Tiền Lê Văn Thứ, Hơn 140m - Giá 9,6 ",3,Quận Sơn Trà,"9,6 ",67,143,nhà ở,
"Chính chủ bán nhà 3 tầng gỗ cao cấp đ Huỳnh Ngọc Đủ ,Hoà Xuân ,Đà Nẵng",4,Quận Cẩm Lệ,"5,5 ",55,100,nhà ở,
chính chủ bán nhà c4 gác lửng 65mv chỉ 1t8 tl,2,Quận Thanh Khê,"1,8 ",28,65,nhà ở,
Chính chủ bán nhà mới xây kiệt Đoàn Phú Tứ Hỗ trợ vay ngân hàng,2,Quận Liên Chiểu,"2,7 ",25,110,nhà ở,
"CHÍNH CHỦ CẦN BÁN CĂN 1+1 Ở BÊN CẦU TRẦN THỊ LÝ, BANK HỖ TRỢ VAY 70%",2,Quận Ngũ Hành Sơn,"2,5 ",52,48,chung cư / căn hộ,
Chính chủ cần bán căn 2 Hagl,2,Quận Thanh Khê,"2,2 ",23,94,chung cư / căn hộ,
Chính chủ cần bán căn hộ 2 phòng ngủ tại Altara Suites Đà Nẵng,2,Quận Sơn Trà,"4,55 ",61,74,chung cư / căn hộ,
Chính chủ cần bán căn hộ duplex Azura Đà Nẵng 2  view biển Mỹ Khê,2,Quận Sơn Trà,"8,5 ",62,138,chung cư / căn hộ,
Chính Chủ Cần Bán lại căn hộ FPT PLAZA 2 View Biển,2,Quận Ngũ Hành Sơn,"2,25 ",31,72,chung cư / căn hộ,
chính chủ cần bán nhà 3 tầng đường 10.5 nguyễn hữu tiến,4,Quận Cẩm Lệ,"5,5 ",55,100,nhà ở,
"Chính chủ cần bán nhà 3 tầng Hoàng Dư Khương, Cẩm Lệ, Đà Nẵng",4,Quận Cẩm Lệ,"6,2 ",53,118,nhà ở,
Chính chủ cần bán nhà 3 tầng Kiệt 205 Nguyễn Hoàng ngay trung tâm,3,Quận Hải Châu,"3,2 ",70,46,nhà ở,
Chính chủ cần bán nhà kiệt Âu Cơ đối diện chợ Hoà Khánh,3,Quận Liên Chiểu,"3,49 ",48,72,nhà ở,
chính chủ cần bán nhà Kiệt ô tô 82 Nguyễn Chánh,3,Quận Liên Chiểu,"3,25 ",52,63,nhà ở,
chính chủ cần nhà mt an hoà sát chợ cẩm lệ,3,Quận Cẩm Lệ,"3,6 ",40,90,nhà ở,
Chính chủ cần ra nhanh trong tuần nhà 3tầng.kiệt Dũng sỹ thanh Khê,3,Quận Thanh Khê,"3,6 ",43,85,nhà ở,
chính chủ chào bán căn alacarter,1,Quận Ngũ Hành Sơn,"2,48 ",59,42,chung cư / căn hộ,
Chính chủ định cư nuoc ngoài cần bán,3,Quận Hải Châu,"3,58 ",99,36,nhà ở,
Chính chủ đứng bán ( Nhà cấp 4 kiệt Âu cơ ),1,Quận Liên Chiểu,1,11,57,nhà ở,
"Chính chủ gởi bán Căn Hộ HAGL , 2 , 94m2 , Full Nội Thất ,Giá đầu tư",2,Quận Thanh Khê,"2,1 ",22,94,chung cư / căn hộ,
Chính chủ gửi bán căn nhà cấp 4 tại THÔN VÂN DƯƠNG 1,2,Huyện Hoa Vàng,"1,3 ",17,75,nhà ở,
Chính chủ gửi bán căn view biển 2 giá *** thị trường,2,Quận Ngũ Hành Sơn,"1,95 ",28,69,chung cư / căn hộ,
"Chính chủ gửi bán lại căn 2 View cực đỉnh, tầng cao, sở hữu lâu dài",2,Quận Sơn Trà,"3,859",50,77,chung cư / căn hộ,
Chính chủ gửi bán nhà C4 gác lửng kiệt oto 4m Tôn đản nối dài 1006,2,Quận Cẩm Lệ,"1,89 ",19,100,nhà ở,
chính chủ gửi bán nhà cấp 4 bến xe đức long hoà phước,1,Huyện Hoa Vàng,"2,17 ",22,100,nhà ở,
chính chủ gửi bán shophouse Nguyễn Sinh Sắc 4 tầng phần thô,5,Quận Liên Chiểu,"15,5 ",111,140,nhà ở,
Chủ Cần Bán Căn Hộ MT Đa Mặn Đông 6 Ngũ Hành Sơn Giá 105,9,Quận Ngũ Hành Sơn,"10,5 ",150,70,chung cư / căn hộ,
Chủ cần bán gấp trong tuần mặt phố đường Võ như Hưng,2,Quận Ngũ Hành Sơn,"5,65 ",71,80,nhà ở,
"Chủ cần bán nhà 3 tầng đẹp, mới, tâm huyết, mặt tiền đường 5,5m",3,Quận Cẩm Lệ,"3,68 ",46,80,nhà ở,
Chủ cần bán nhà cấp 4 kiệt phạm hữu kính sát cotmos,3,Quận Ngũ Hành Sơn,"3,8 ",62,61,nhà ở,
Chủ cần bán nhà kiệt hồ xuân hương ngủ hành Sơn TPĐN,3,Quận Ngũ Hành Sơn,"4,2 ",45,94,nhà ở,
Chủ Cần Bán Nhanh Căn Nhà MT Trần Quang Khải Sơn Trà 160m2  3Mê,3,Quận Sơn Trà,"8,3 ",52,160,nhà ở,
Chủ Cần Bán Nhanh Nhà MT Đường Lý Đạo Thành 90m2 Giá 53 Đắc Địa Nhât,3,Quận Sơn Trà,"5,3 ",56,95,nhà ở,
chủ cần tiền bán gấp căn nhà mặt tiền siêu hiếm sát Lê Duẩn,5,Quận Hải Châu,15,181,83,nhà ở,
Chủ cần tiền bán nhanh căn góc 3 ful nội thât giá rẻ nhất thị trường,3,Quận Liên Chiểu,"1,3 ",19,70,chung cư / căn hộ,
CHỦ GẤP BÁN _ NHA ĐƯỜNG K NGÔ QUYỀN _ 90M2 _ GIÁ 3TY450,2,Quận Sơn Trà,"3,45 ",38,90,nhà ở,
"Chủ gởi bán nhà gác đúc đường 5,5m Trung Đồng -Cẩm Lệ- Hướng Đông",3,Huyện Hoa Vàng,"3,29 ",28,116,nhà ở,
"Chủ về Hà Nội cần bán căn hộ 2 tầng 20 view sông Hàn, Đà Nẵng, sổ đỏ",2,Quận Hải Châu,"4,031",59,68,chung cư / căn hộ,
"Chung cư Âu Cơ 70m2, thanh toán 500tr nhận nhà, hỗ trợ vay ưu đãi 6,8%",1,Quận Liên Chiểu,1,13,70,chung cư / căn hộ,
Chung cư Liên Chiểu giá rẻ,1,Quận Liên Chiểu,"0,65",17,39,chung cư / căn hộ,
Chuyên bán căn hộ HAGL Đà Nẵng - Khôi Hưng Property,2,Quận Thanh Khê,"2,2 ",23,94,chung cư / căn hộ,
Chuyên bán căn hộ Hagl giá chỉ từ 23 triệu/m2- sổ hồng lâu dài,3,Quận Thanh Khê,"2,55 ",23,110,chung cư / căn hộ,
"CHUYỂN NHƯỢNG NHÀ 72 M2 , ĐOÀN NHƯ HÀI, VỊ TRÍ GIAO THƯƠNG, NHỈNH 4 ",2,Quận Thanh Khê,"4,35 ",60,72,nhà ở,
"CHUYỂN NHƯỢNG NHÀ 98 M2, 3 TẦNG, ĐOÀN KHUÊ TRỤC VIPVIỆT Á, ĐN",3,Quận Ngũ Hành Sơn,"7,8 ",82,95,nhà ở,
CÔ CHỦ LỚN TUỔI CẦN BÁN ĐẤT TẶNG NHÀ K45 LÊ TẤN TRUNG,2,Quận Sơn Trà,"2,75 ",35,79,nhà ở,
Cơ hội mua căn nhà đẹp không thể bỏ lỡ ĐƯỜNG PHẠM ĐỨCchính chủ,2,Quận Ngũ Hành Sơn,"3,3 ",33,100,nhà ở,
Cơ hội sở hữu căn hộ 3 110m2 - Sổ hồng lâu dài chỉ 22 triệu/m2,3,Quận Thanh Khê,"2,5 ",23,110,chung cư / căn hộ,
CÓ NGAY CĂN NHÀ ĐỊNH CƯ TẠI ĐÀ NẴNG VỚI TÀI CHÍNH TỪ 500TRIỆU,2,Quận Cẩm Lệ,"1,15 ",22,52,chung cư / căn hộ,
Còn *** 1 căn 3 110m2 tầng trung giá bán 2.550 ,3,Quận Thanh Khê,"2,55 ",23,110,chung cư / căn hộ,
"Cực hiếm, Bán căn hộ 2 73m2 tầg 19 Peninsula, View Sông Hàn, Đà Nẵng",2,Quận Sơn Trà,"3,958",54,73,chung cư / căn hộ,
"Danh Sách Căn Hộ Giá Rẻ, Sổ Hồng Tại Chung Cư FpT Plaza Cần Bán",2,Quận Ngũ Hành Sơn,"2,18 ",32,69,chung cư / căn hộ,
"Đất + Nhà tại thông 5 Hoà Vang, giá siêu đầu tư",2,Huyện Hoa Vàng,"1,1 ","7,3 ",150,nhà ở,
"ĐẤT 175M(5×35) NHÀ 2 TẦNG- ĐƯỜNG TÂN THÁI 3, MÂN THÁI, SƠN TRÀ ĐÀ NẴNG",3,Quận Sơn Trà,"7,8 ",45,175,nhà ở,
"Đất đường Nguyễn Xuân Hữu , tặng kèm nhà cấp 4 kiên cố",1,Quận Cẩm Lệ,"3,5 ",34,102,nhà ở,
Dãy Phòng Trọ 8 Phòng Full NGUYỄN ĐÌNH CHIỂU_NHS,8,Quận Ngũ Hành Sơn,"6,3 ",36,175,nhà ở,
Đỉnh nóc kịch trần với suất NG tại đà nẵng,3,Quận Ngũ Hành Sơn,0,1,98,chung cư / căn hộ,
Do chuyển công tác nên cần chuyển nhượng căn hộ HAGL 2 full nội thất,2,Quận Thanh Khê,"2,2 ",23,94,chung cư / căn hộ,
ĐỘC QUYỀN CĂN STUDIO MẶT TRỰC DIỆN SÔNG S112A18 - SUN SYMPHONY CK 20%,1,Quận Sơn Trà,"3,55 ",106,34,chung cư / căn hộ,
độc quyền căn view biển tầng cao dự án s3- symphony Đà Nẵng,1,Quận Ngũ Hành Sơn,"3,6 ",61,59,chung cư / căn hộ,
độc quyền căn view biển tầng cao dự án sun cosmo Đà Nẵng,2,Quận Ngũ Hành Sơn,3,60,50,chung cư / căn hộ,
Dự án Peninsula bên bờ sông Hàn kiêu sa✨,2,Quận Sơn Trà,"3,3 ",52,63,chung cư / căn hộ,
"GẦN CHỢ HÒA MỸ, KIỆT Ô TÔ, GẦN MẶT TIỀN, BÁN ĐẤT TẶNG NHÀ ĐANG CT",2,Quận Liên Chiểu,"2,05 ",34,60,nhà ở,
GẦN SÔNG! BÁN NHÀ CẤP 4 - KIỆT 2M - BÙI TÁ HÁN  - 80M2 - 2.28 ,2,Quận Ngũ Hành Sơn,"2,28 ",29,80,nhà ở,
GẤP BÁN NHÀ GẦN CHỢ HOÀ MỸ - 70m2 - C4 - NGANG 4 - KIỆT 3M,3,Quận Liên Chiểu,"2,05 ",29,70,nhà ở,
GẤP BÁN NHÀ TÔN ĐẢN 2 MẶT KIỆT 5M - 100M2 - C4 - NGANG 6M,3,Quận Cẩm Lệ,"2,8 ",28,100,nhà ở,
Gấp bán_Nhà đẹp 2T Nguyễn Phước Nguyên_cách đường 50m_60m2_nhỉnh 2 ,3,Quận Thanh Khê,"2,85 ",48,60,nhà ở,
"GIÁ *** ! CHDV ở mặt tiền AN THƯỢNG 29, KHU PHỐ TÂY TP. Đà Nẵng",5,Quận Ngũ Hành Sơn,"9,9 ",104,95,nhà ở,
GIÁ SỐC NHÀ 3 TẦNG NGAY MT HÀ HUY TẬP TT THANH KHÊ CHỈ 5  X,4,Quận Thanh Khê,"5,29 ",76,70,nhà ở,
GIẢM  500TR CĂN 2 SAM TOWERS *** 1 CĂN LIÊN HỆ NGAY,2,Quận Hải Châu,"3,2 ",47,68,chung cư / căn hộ,
GIẢM 400 TRIỆU: CHDV 2 MẶT kiệt LÝ THÁI TỔ - 62 ngang 6m -5TẦNG 7căn,7,Quận Thanh Khê,"7,9 ",127,62,nhà ở,
Giảm ngay 500t.r Cho căn Góc 2 tại Samtowers -(30%),2,Quận Hải Châu,"3,19 ",38,85,chung cư / căn hộ,
Giảm ngay 800 triệu. MT NGUYỄN CHÍ THANH - 70 ngang 4m - 5 TẦNG 6 ,6,Quận Hải Châu,"9,8 ",140,70,nhà ở,
Giỏ Hàng Cần Bán Tại Chung Cư Seaview Tower,2,Quận Liên Chiểu,"1,55 ",26,59,chung cư / căn hộ,
Giỏ hàng CDT siêu ưu đãi - căn hộ 2 SAM Towers trực diện sông Hàn,2,Quận Hải Châu,"1,5 ",22,69,chung cư / căn hộ,
Giỏ hàng trực tiếp CĐT căn góc 2 gía cực tốt Nh hỗ trợ vay đến 85%,2,Quận Hải Châu,"5,5 ",65,84,chung cư / căn hộ,
hạ 150triu nhà 3 tầng 3 mê phạm văn nghị quá rẻ,3,Quận Thanh Khê,"3,8 ",52,73,nhà ở,
"HẠ GIÁ: BÁN DÃY NHÀ TRỌ 2 MẶT TIỀN, KHUCẨM LỆ, HÒA CHÂU, ĐÀ NẴNG",4,Huyện Hoa Vàng,"4,1 ",37,112,nhà ở,
Hải Châu -Bán căn Nhà sạch đẹp vào ở ngay –Đặng Thùy Trâm –Ô tô đỗ cửa,3,Quận Hải Châu,"4,95 ",66,75,nhà ở,
HÀNG HIẾM ! NHÀ MẶT TIỀN gần BIỂN MỸ KHÊ: 80 ngang 5m - 3 TẦNG 3 ,3,Quận Sơn Trà,"7,8 ",98,80,nhà ở,
HÀNG HIẾM ! VỊ TRÍ ĐẮC ĐỊA - NHÀ KHÁ ĐẸP - GIÁ SỐC ! HÃY NHANH TAY !!!,2,Quận Sơn Trà,"6,45 ",92,70,nhà ở,
HÀNG HIẾM HẢI CHÂU –HOÀNG THÚC TRÂM - FULL THỔ CƯ DT LỚN 200M2-GIÁ TỐT,4,Quận Hải Châu,7,35,200,nhà ở,
HÀNG HIẾM –MẶT PHỐ TÔN THẤT THIỆP –SÁT CHÂU THỊ VĨNH TẾ - VỪA Ở VỪA KD,2,Quận Ngũ Hành Sơn,"4,9 ",82,60,nhà ở,
Hàng Hiếm.. Mặt Tiền Đường Quy Hoạch. giá sụp hầm..3 mê,3,Quận Thanh Khê,5,94,53,nhà ở,
Hơn 2  có ngay nhà đẹp Trần Cao Vân_sau lưng nhà MT_Diện tích lớn,2,Quận Thanh Khê,"2,85 ",43,66,nhà ở,
Hơn 2  thì mua căn này tốt hơn chung cư nhé,2,Quận Thanh Khê,"2,69 ",71,38,nhà ở,
"HƠN 4  NHÀ MẶT TIỀN AN THƯỢNG, 4 PHÒNG CHO THUÊ ỔN ĐỊNH",4,Quận Ngũ Hành Sơn,"4,6 ",41,112,nhà ở,
HÓT  nhà 5 tầng Đẹp gần Lê Văn Hiến - Hồ Xuân Hương,6,Quận Ngũ Hành Sơn,12,118,102,nhà ở,
HOT ! *** 1 căn hộ 2 94m2 giá phong thủy (2.22  ),2,Quận Thanh Khê,"2,22 ",24,94,chung cư / căn hộ,
HOT ! Kiệt ô tô 4m - Lương Thế Vinh - Sơn Trà 106m2 giá 3ty850,3,Quận Sơn Trà,"3,85 ",36,106,nhà ở,
Hot rể bán nhà mặt tiền Nguyễn Hồng Ánh viêw sông,3,Huyện Hoa Vàng,"5,3 ",56,95,nhà ở,
Hot!!! Nhà siêu đẹp 2tầng Dũng Sỹ Thanh Khê,3,Quận Thanh Khê,"2,99 ",59,51,nhà ở,
"KHÁCH SẠN 3* khá đẹp, gần VÕ VĂN KIỆT, ĐÀ NẴNG, 100m2 ngang 5m, 5 tầng",7,Quận Sơn Trà,"13,8 ",138,100,nhà ở,
Khách Sạn 8 tầng MT phố tây An Thượng - Gần Nguyễn Văn Thoại Sát Biển,10,Quận Ngũ Hành Sơn,26,289,90,nhà ở,
KHẲNG ĐỊNH *** 1 CĂN 3 - VIEW HỒ - NHÀ ĐẸP - FULL NT - Ở NGAY,3,Quận Thanh Khê,"2,6 ",24,110,chung cư / căn hộ,
KHOẢN ĐẦU TƯ *** là NHỮNG TÀI SẢN TẠO RA DÒNG TIỀN: CHDV 90 3Tg,5,Quận Sơn Trà,"8,5 ",94,90,nhà ở,
"Lô đất 92m2 đường An Hải 6, Q Sơn Trà, Tặng nhà Cấp 4, 2",2,Quận Sơn Trà,5,54,92,nhà ở,
Lô góc đường 5m5 lề 3m đường Tiên Sơn 10 và kiệt 4m Núi Thành 5ty390,2,Quận Hải Châu,"5,39 ",67,80,nhà ở,
Lối Sống Thượng Lưu trên sông Hàn - Ngân hàng hỗ trợ đến 85%,2,Quận Hải Châu,"1,48 ",21,69,chung cư / căn hộ,
Mặt tiền DƯƠNG TỰ QUÁN thiết kế kiểu VILLA có sân vườn rộng rã,3,Quận Ngũ Hành Sơn,"19,8 ",110,180,nhà ở,
Mặt tiền Lê Độ Đà Nẵng,4,Quận Thanh Khê,"4,9 ",140,35,nhà ở,
Mặt tiền Lê Độ Đà Nẵng,5,Quận Thanh Khê,"4,9 ",140,35,nhà ở,
MẶT TIỀN NGUYỄN ĐỨC CẢNH 5M5 LỀ 3M - KINH D ĐỈNH - GẦN ĐƯỜNG 3 THÁNG 2,3,Quận Hải Châu,"5,5 ",69,80,nhà ở,
"MẶT TIỀN THẠCH LAM SÁT BIỂN NGANG 9M. XÂY CĂN HỘ, BIỆT THỰ ĐẸP",2,Quận Sơn Trà,"13,5 ",83,163,nhà ở,
MÌNH CẦN NHÀ MẶT TIỀN ĐƯỜNG 5m5THỌ 3,2,Quận Sơn Trà,"2,98 ",60,50,nhà ở,
"Mở bán căn hộ mặt biển Đà Nẵng,2, 75m2 , giá gốc CĐT, sở hữu lâu dài",2,Quận Liên Chiểu,"4,5 ",60,75,chung cư / căn hộ,
"Mở bán sớm 10 suất ngoại giao căn hộ Sun Symphony S3, chiết khấu 14,5%",2,Quận Sơn Trà,"3,8 ",63,60,chung cư / căn hộ,
Mới 100% - Bán villa 2 484m2 Fusion Villas Đà Nẵng lâu dài - 27,2,Quận Ngũ Hành Sơn,27,56,484,chung cư / căn hộ,
"Mt Cao Sơn Pháo , Vị Trí Kinh Doanh, Đường 7,5m, Ngay Bến Xe TTTP",4,Quận Cẩm Lệ,"6,9 ",86,80,nhà ở,
Nam Ô Discovery - căn hộ mặt tiền biển - sở hữu lâu dài - chỉ từ 3 ,3,Quận Liên Chiểu,"2,999",55,55,chung cư / căn hộ,
"Ngang 7,4m 60m2 vuông vức - nhà 2 tầng sát đường Nguyễn Công Trứ 2ty75",3,Quận Sơn Trà,"2,75 ",46,60,nhà ở,
Ngay khu sinh viên đh ngoại ngữ. mt đường 5m5.  Đang cho thuê VP,2,Quận Hải Châu,"4,6 ",62,74,nhà ở,
NGỘP giảm 600 TRIỆU! MT PHẠM QUANG ẢNH - 140m2 ngang 4m - 2 TẦNG 4 ,4,Quận Sơn Trà,"7,2 ",51,140,nhà ở,
"Nguyễn Thông, Sơn Trà – Vài bước chân ra Cầu Tình Yêu – Ô tô đỗ cửa",2,Quận Sơn Trà,"4,7 ",59,80,nhà ở,
NHÀ 2 MẶT KIỆT 3M HUỲNH NGỌC HUỆ. Cách đ oto 15m. Có p trọ cho thuê,4,Quận Thanh Khê,"2,55 ",36,71,nhà ở,
"Nhà 2 mặt tiền đường Khúc Hạo, quận Sơn Trà, Đà Nẵng",4,Quận Sơn Trà,"15,5 ",99,156,nhà ở,
Nhà 2 mặt tiền Giáng Đông- Hoà Châu Đà Nẵng,3,Huyện Hoa Vàng,"2,05 ",21,100,nhà ở,
"NHÀ 2 MẶT TIỀN KIỆT Ô TÔ TÔN ĐẢN, 100m2, KV SẦM UẤT, CÁCH Đ CHÍNH 10m",2,Quận Cẩm Lệ,"2,68 ",27,100,nhà ở,
"nhà 2 mặt tiền kinh doanh vip đường Tố Hữu, vừa ở vừa kinh doanh ok",4,Quận Hải Châu,16,103,155,nhà ở,
NHÀ 2 MÊ ĐÚC GIÁ RẺ KIỆT TRUNG TÂM HẢI CHÂU,3,Quận Hải Châu,"3,2 ",58,55,nhà ở,
"Nhà 2 tầng 132 Dương Trí Trạch, đường 5,5 m phố Hàn Quốc, sát biển",2,Quận Sơn Trà,"6,4 ",98,65,nhà ở,
Nhà 2 tầng 2 mê đường 5.5m Miếu Bông -Cẩm Lệ full nội thất,3,Huyện Hoa Vàng,"3,39 ",38,90,nhà ở,
NHÀ 2 TẦNG 2 MÊ HẢI CHÂU- VIEW CÔNG VIÊN – KIỆT Ô TÔ THÔNG -ĐƯỜNG 2/9.,3,Quận Hải Châu,"3,45 ",45,76,nhà ở,
Nhà 2 tầng 60m bãi biển. Đối diện bãi biển.Mân Thái. Sơn Trà .Đà Nẵng.,2,Quận Sơn Trà,"2,6 ",43,60,nhà ở,
Nhà 2 tầng đảo 1 Ngô Huy Diễn sát Nguyễn Phước Lan - Chỉ 6 ,2,Quận Cẩm Lệ,6,53,113,nhà ở,
nhà 2 tầng đường 5.5m Vũ Miên song song vs Phạm Hùng giá tốt,4,Huyện Hoa Vàng,"3,32 ",33,100,nhà ở,
NHÀ 2 TẦNG ĐƯỜNG 6m THÔNG GẦN BẾN XE ĐỨC LONG- HÒA PHƯỚC- ĐÀ NẴNG,4,Huyện Hoa Vàng,"2,65 ",20,135,nhà ở,
"Nhà 2 tầng Đường 7m5 Lê Chân, An Hải Bắc, Sơn Trà, Tp Đn",3,Quận Sơn Trà,"5,5 ",61,90,nhà ở,
nhà 2 tầng full nội thất k dstk ngay khu đại học,3,Quận Thanh Khê,"2,99 ",59,51,nhà ở,
Nhà 2 tầng full nội thất xịn xò- Ngay ngã tư Hoàng Hoa Thám - Lý Thái,3,Quận Thanh Khê,3,61,49,nhà ở,
Nhà 2 tầng kiệt ô tô Lạc Long Quân,3,Quận Liên Chiểu,0,3,82,nhà ở,
"nhà 2 tầng mặt tiền đường Lý Nhân Tông, Hoà Cường Bắc, có thương lượng",5,Quận Hải Châu,8,86,93,nhà ở,
nhà 2 tầng mới Bàu cầu 8 xây dựng 2022,3,Huyện Hoa Vàng,"3,6 ",40,90,nhà ở,
"Nhà 2 Tầng Mt Lê Kim Lăng , Sát Lê Đại Hành , Chưa Qua Dtu",4,Quận Cẩm Lệ,"5,4 ",49,110,nhà ở,
"Nhà 226m2 2MT Hùng Vương & Triệu Nữ Vương, Hải Châu 2, TP Đà Nẵng.",10,Quận Hải Châu,68,301,226,nhà ở,
"NHÀ 2MÊ 2TẦNG KIÊN CỐ,DT188M NGANG 7M, ĐƯỜNG 10M5 , NGUYỄN DUY TRINH",4,Quận Ngũ Hành Sơn,"7,6 ",40,188,nhà ở,
Nhà 2T Mặt Tiền LÊ VĂN HIẾN đường 48m Trung Tâm Quận NHS,3,Quận Ngũ Hành Sơn,"7,8 ",69,113,nhà ở,
"Nhà 3 mê 3 tầng, sau lưng mặt tiền Huỳnh Ngọc Huệ",3,Quận Thanh Khê,"3,35 ",71,47,nhà ở,
"Nhà 3 mê 3 tầng, sau lưng mặt tiền Huỳnh Ngọc Huệ",3,Quận Thanh Khê,"3,35 ",71,47,nhà ở,
"Nhà 3 mê 3 tầng, sau lưng mặt tiền Huỳnh Ngọc Huệ",3,Quận Thanh Khê,"3,35 ",71,47,nhà ở,
"Nhà 3 mê đường 10m5 Nguyễn Hồng Ánh View Sông,Đà Nẵng",3,Huyện Hoa Vàng,"5,2 ",55,95,nhà ở,
Nhà 3 mê Ô Tô Đặng Thuỳ Trâm - Gần Sân Bay,3,Quận Hải Châu,"4,5 ",75,60,nhà ở,
"Nhà 3 Tầng 100 Đườg 7,5m Gần Biển Hòa Minh. Q Liên Chiểu. Tp Đà Nẵng",4,Quận Liên Chiểu,"6,899",69,100,nhà ở,
Nhà 3 Tầng 3 Mê  Đẹp MT Tiên Sơn 20 Hải Châu Đà Nẵng,3,Quận Hải Châu,"6,1 ",75,81,nhà ở,
"Nhà 3 Tầng 3 Mê 2 Mặt Tiền Nguyễn Sơn, đường 7m5 Hòa Cường Nam.",3,Quận Hải Châu,16,107,150,nhà ở,
"Nhà 3 tầng đường Hoàng Xuân Hãn sát chợ Cẩm Lệ, Khuê Trung, Cẩm Lệ, ĐN",2,Quận Cẩm Lệ,11,147,75,nhà ở,
nhà 3 tầng đường Trương Vĩnh Ký - Hoà Châu đối diện công viên,3,Huyện Hoa Vàng,"3,98 ",40,100,nhà ở,
"NHÀ 3 TẦNG HÒA CƯỜNG, HẢI CHÂU, HƠN 5 , VỊ TRÍ KINH DOANH RẤT TỐT",4,Quận Hải Châu,"5,995",86,70,nhà ở,
NHÀ 3 TẦNG KHUCẨM LỆ GIÁ TỐT,3,Huyện Hoa Vàng,"3,98 ",40,100,nhà ở,
NHÀ 3 TẦNG KIÊN CỐ. DŨNG SỸ THANH KHÊ,5,Quận Thanh Khê,"3,45 ",50,69,nhà ở,
nhà 3 tầng kiệt 3m trần cao vân thông nguyễn tất thành,3,Quận Thanh Khê,"3,25 ",81,40,nhà ở,
"Nhà 3 tầng kiệt 4m Lương Thế Vinh , có thang máy mini, có dãy trọ...",5,Quận Sơn Trà,6,49,122,nhà ở,
"Nhà 3 Tầng Kiệt 86 Phạm Nhữ Tăng, Kiệt 5m Ô tô thông.",3,Quận Thanh Khê,"3,85 ",77,50,nhà ở,
NHÀ 3 TẦNG KIỆT OTTO ĐIỆN BIÊN PHỦ,3,Quận Thanh Khê,"3,4 ",83,41,nhà ở,
Nhà 3 tầng mặt tiền Cao Hồng Lãnh vị trí kinh doanh,3,Quận Ngũ Hành Sơn,"4,65 ",47,100,nhà ở,
"nhà 3 tầng mặt tiền Hải Phòng, vừa ở vừa kinh doanh",3,Quận Thanh Khê,"13,7 ",167,82,nhà ở,
"nhà 3 tầng mặt tiền KỲ ĐỒNG, vừa ở vừa kinh doanh ok, có Thương lượng",3,Quận Thanh Khê,"8,49 ",85,100,nhà ở,
"Nhà 3 Tầng mặt tiền Lê Trọng Tấn, Cẩm Lệ Giá Tốt",3,Quận Cẩm Lệ,"4,299",32,133,nhà ở,
"Nhà 3 Tầng Mặt Tiền Nguyễn Thành Ý, Hải Châu Đà Nẵng",3,Quận Hải Châu,"5,95 ",78,76,nhà ở,
"nhà 3 tầng mặt tiền Võ Như Hưng, gần biển, mặt tiền 7m, có TL mạnh",5,Quận Ngũ Hành Sơn,"10,89 ",78,140,nhà ở,
NHÀ 3 TẦNG MỚI KENG HOÀ XUÂN,3,Quận Cẩm Lệ,"5,85 ",59,100,nhà ở,
Nhà 3 Tầng Mới Xây Đẹp Lung Linh view TrườngHòa Xuân Chỉ 5750,3,Quận Ngũ Hành Sơn,"5,78 ",46,125,nhà ở,
NHÀ 3 TẦNG MỚI XÂY PHƯỜNG HOÀ QUÝ SONG SONG ĐƯỜNG VÕ CHÍ CÔNG,3,Quận Ngũ Hành Sơn,"4,85 ",49,100,nhà ở,
"Nhà 3 tầng siêu đẹp đường Trương Vĩnh Ký,Cẩm Lệ, Đà Nẵng",3,Huyện Hoa Vàng,"3,98 ",40,100,nhà ở,
"NHÀ 3 TẦNG VỊ TRÍ ĐẮC ĐỊA, PHỐ ĐI BỘ AN THƯỢNG, TIỀM NĂNG SINH LỜI CAO",3,Quận Ngũ Hành Sơn,"9,9 ",147,68,nhà ở,
Nhà 3 tầng Ỷ Lan Nguyên Phi! 2 mặt tiền Hải Châu,3,Quận Hải Châu,"7,65 ",85,90,nhà ở,
"Nhà 3 tầng, 3 phòng ngủ MT đường Tạ Mỹ Duật, Q Sơn Trà, Gần Biển",3,Quận Sơn Trà,"7,65 ",87,88,nhà ở,
"Nhà 3 tầng, mặt tiền đường 5m5 kinh doanh, giá bằng nhà kiệt.",3,Quận Thanh Khê,"4,45 ",99,45,nhà ở,
Nhà 3 Tầng. MTKD Siêu Vip. Đường Tô Hiệu. Gần Biển Hòa Minh. Đà Nẵng,3,Quận Liên Chiểu,"6,75 ",84,80,nhà ở,
"NHÀ 3,5 TẦNG KHÚC HẠO – TRỤC KINH DOANH SẦM UẤT NHẤT SƠN TRÀ",4,Quận Sơn Trà,"8,2 ",82,100,nhà ở,
"NHÀ 3,5 TẦNG. MT ĐỐNG ĐA + KIỆT SAU LƯNG . NGANG 7M",3,Quận Hải Châu,"7,9 ",316,25,nhà ở,
"Nhà 4 Tầng 4 Mê Mặt Tiền Văn Cận, sát ĐH Ngoại Ngữ",4,Quận Cẩm Lệ,"7,5 ",83,90,nhà ở,
Nhà 4 tầng đang kinh doanh sầm uất,8,Huyện Hoa Vàng,"5,4 ",54,100,nhà ở,
Nhà 4 Tầng Đẹp 10m5 Bình Hòa 4 Giáp Hải Châu,4,Quận Cẩm Lệ,"6,5 ",65,100,nhà ở,
Nhà 4 Tầng Phan Tứ Sát Biển Mỹ Khê_Ngũ Hành Sơn,3,Quận Ngũ Hành Sơn,"6,4 ",119,54,nhà ở,
Nhà 4T Góc 2MT NGUYỄN ĐÌNH CHIỂU-7.5m- KĐTViệt Á-Chỉ 5.5  TL.,4,Quận Ngũ Hành Sơn,"5,5 ",44,125,nhà ở,
"Nhà 5 tầng Đường Nguyễn Hữu Thọ, Sát Ngã tư Phan Đăng Lưu, Tp Đà Nẵng",5,Quận Cẩm Lệ,20,160,125,nhà ở,
Nhà 5 tầng sát đường ông ích khiêm. Cạnh siêu thị BigC,4,Quận Thanh Khê,"4,9 ",82,60,nhà ở,
"Nhà 5T kiệt oto ngay Điện Biên Phủ, doanh thu 25tr/t mà giá chỉ 5 ",10,Quận Thanh Khê,5,71,70,nhà ở,
nhà ba lá kiên cố chính chủ cần bán,2,Quận Liên Chiểu,"0,98",11,86,nhà ở,
"Nhà C4 An Trung 16, gần Trần Hưng Đạo",2,Quận Sơn Trà,"3,9 ",74,53,nhà ở,
Nhà C4 Mặt tiền đường 5.5m Lương Khánh Thiện gần biển,2,Quận Liên Chiểu,"3,37 ",48,70,nhà ở,
Nhà C4 Sác Kiệt oto Trương Định Có Cống Sau Diện Tích : 61m Ngang 4m,1,Quận Sơn Trà,"2,33 ",38,61,nhà ở,
"Nhà Cấp 4 - 2 mặt tiền ngang 9.3M Hồ Học Lãm, Mân Thái, Sơn Trà, ĐN.",5,Quận Sơn Trà,"7,2 ",54,134,nhà ở,
nhà cấp 4 283 Nguyễn lương bằng - Liên Chiểu 175m giá 7.5,1,Quận Liên Chiểu,"7,5 ",43,175,nhà ở,
Nhà Cấp 4 Đổ Mê - Đường 7m5 Phạm Đức- Song Song Võ Chí Công,2,Quận Ngũ Hành Sơn,"3,3 ",33,100,nhà ở,
"Nhà cấp 4 đường 7.5m Hoà Mỹ 7, Hoà Minh sát Tôn Đức Thắng  3.55 ",1,Quận Liên Chiểu,"3,55 ",39,92,nhà ở,
NHÀ CẤP 4 GÁC LỮNG S ẬP HẦM,3,Huyện Hoa Vàng,"2,35 ",24,100,nhà ở,
"Nhà cấp 4 hai mặt kiệt ô tô 5m CMT8, Hoà Thọ Đông, Cẩm Lệ, ĐN",2,Quận Cẩm Lệ,"3,15 ",38,84,nhà ở,
Nhà cấp 4 Mặt tiền Âu Cơ đường 10.5m Hoà Khánh - Liên Chiểu,1,Quận Liên Chiểu,"4,2 ",40,104,nhà ở,
Nhà cấp 4 mặt tiền sát chợ hoà khánh giá rẻ,3,Quận Liên Chiểu,"3,78 ",47,81,nhà ở,
"NHÀ Cấp 4 MT Đ.5m5 Hoà2, thông Tú Mỡ, sau Bến Xe,Hoà Minh,Đà Nẵng",2,Quận Liên Chiểu,"3,55 ",32,110,nhà ở,
Nhà cấp 4gác đúc 106m2 kiệt Tôn Đức Thắng-Hoà Minh-2 1(thương lượng),2,Quận Liên Chiểu,"2,1 ",20,106,nhà ở,
NHÀ CHÍNH CHỦ CẦN BÁN GẤP,3,Huyện Hoa Vàng,"3,99 ",40,100,nhà ở,
Nhà chỉnh chủ kiệt chuẩn 3m lý thái tổ thông phan thanh,2,Quận Thanh Khê,"2,49 ",53,47,nhà ở,
Nhà cực kì hiếm . Với đất dài . Có thể kinh doanh khách san,4,Quận Hải Châu,45,196,230,nhà ở,
Nhà Đã Hoàn Công Pháp Lí Chuẩn Chỉnh,5,Quận Liên Chiểu,"4,6 ",46,100,nhà ở,
"Nhà đầu kiệt Hoàng Diệu, 4 phòng, 3 toilet, 2 sân thượng",4,Quận Hải Châu,"4,3 ",55,78,nhà ở,
Nhà đẹp 2 mặt tiền đường chính giáng đông,3,Huyện Hoa Vàng,"2,05 ",20,101,nhà ở,
"Nhà đẹp 2 tầng, 2 mê chắc chắn - Phun nội thất - Huỳnh Ngọc Huệ",3,Quận Thanh Khê,"2,65 ",60,44,nhà ở,
Nhà đẹp 3 tầng giá rẻ,3,Huyện Hoa Vàng,"3,99 ",38,106,nhà ở,
Nhà Đẹp 4 Tầng. Hoà Khê.Thanh Khê. Full Nội thất. Gần đường .,3,Quận Thanh Khê,"3,35 ",84,40,nhà ở,
"Nhà đẹp 88m2, mê lửng kiệt thông ô tô vào tận nơi- Tô Hiệu - Hoà Minh",2,Quận Liên Chiểu,"2,7 ",31,88,nhà ở,
"Nhà đẹp đường 10m5 Thành Thái,Khuê Trung,Cẩm Lệ",4,Quận Cẩm Lệ,"7,4 ",74,100,nhà ở,
"Nhà đẹp đường 7.5m giá sụp hầm, nhà mới nét căng. Đầu tư tốt",3,Quận Cẩm Lệ,"4,89 ",39,125,nhà ở,
"NHÀ ĐẸP ĐƯỜNG BÊTÔNG 5M HOÀ CHÂU, 3 PHÒNG NGỦ",3,Huyện Hoa Vàng,"2,05 ",20,101,nhà ở,
"NHÀ ĐẸP gần MT NGUYỄN VĂN LINH và CẦU RỒNG: 66 ngang 4,8m 4 TẦNG 5",5,Quận Hải Châu,"5,7 ",86,66,nhà ở,
NHÀ ĐẸP KIỆT ĐẨU CÁCH ĐƯỜNG 30M FULL NỘI THẤT,3,Quận Hải Châu,"3,25 ",63,52,nhà ở,
"NHÀ ĐẸP kiệt CHÍNH HỮU gần BIỂN - 95 ngang 4,7m x 19m - 2 TẦNG 3 ",3,Quận Sơn Trà,"4,8 ",51,95,nhà ở,
"NHÀ ĐẸP kiệt ĐƯỜNG 3 THÁNG 2 - 88 ngang 6,5m NỞ HẬU - 4 TẦNG 7 8WC",7,Quận Hải Châu,11,125,88,nhà ở,
Nhà Đẹp Kiệt K20 Sau Lưng BV Nhi 600 Giường,2,Quận Ngũ Hành Sơn,"2,77 ",25,110,nhà ở,
Nhà đẹp kiệt oto 5m Nguyễn Chánh,3,Quận Liên Chiểu,"2,95 ",47,63,nhà ở,
"nhà đẹp kiệt Phạm Nhữ Tăng, 3 tầng full nội thất, 3ty720",3,Quận Thanh Khê,"3,72 ",78,48,nhà ở,
Nhà đẹp luxury 2 tầng huỳnh ngọc huệ chỉ 2750,2,Quận Thanh Khê,"2,75 ",69,40,nhà ở,
NHÀ ĐẸP MẶT TIỀN đường BÀU NĂNG 1 - 90 ngang 5m x 18m - 4 TẦNG 3 ,3,Quận Liên Chiểu,"5,7 ",63,90,nhà ở,
"NHÀ ĐẸP mặt tiền PHAN PHU TIÊN gần BIỂN - 74m2 ngang 4,5m - 4 TẦNG 4",4,Quận Thanh Khê,"5,25 ",71,74,nhà ở,
"Nhà đẹp mê đúc đường 5m, sát FPT gần chợ non nước. Giá chỉ 2  x.",2,Quận Ngũ Hành Sơn,"2,75 ",26,105,nhà ở,
Nhà đẹp mới sơn sửa trung tâm Đà Nẵng,3,Quận Ngũ Hành Sơn,"3,5 ",56,62,nhà ở,
NHÀ ĐẸP MỚI–FULL NỘI THẤT VÀO Ở NGAY–Ô TÔ VÀO –NÚI THÀNH – 3 TẦNG 3 MÊ,3,Quận Hải Châu,"4,4 ",79,56,nhà ở,
"NHÀ ĐẸP NHƯ VILLA ĐỐI DIỆN EURO VILLAGE, SÁT CẦU TRẦN THỊ LÝ",5,Quận Sơn Trà,"6,7 ",100,67,nhà ở,
NHÀ ĐIỆN BIÊN PHỦ,3,Quận Thanh Khê,"3,4 ",74,46,nhà ở,
"NHÀ ĐỔ MÊ KIÊN CỐ MT ĐƯỜNG PHẠM ĐỨC NAM, GẦN VÕ CHÍ CÔNG-MAI ĐĂNG CHƠN",2,Quận Ngũ Hành Sơn,"3,35 ",34,100,nhà ở,
"Nhà Đúc Lững Ở Xã Hoà Châu, Gàn Trường Hoa Mai",2,Huyện Hoa Vàng,"1,45 ",12,120,nhà ở,
NHÀ K LÊ ĐỘ 5 PHÒNG TRỌ GIÁ RẺ,5,Quận Thanh Khê,"2,1 ",40,53,nhà ở,
NHÀ K TRẦN CAO VÂN GIÁ RẺ,2,Quận Thanh Khê,"1,85 ",31,60,nhà ở,
Nhà kiệt núi thành chỉ cách đường 50m,10,Quận Hải Châu,"2,35 ",45,52,nhà ở,
NHÀ KIỆT Ô TÔ NGUYỄN CÔNG HOAN SÁT BẾN XE ĐÀ NẴNG.,3,Quận Cẩm Lệ,"2,59 ",40,65,nhà ở,
"Nhà kiệt ô tô Nguyễn Văn Thoại 84m2, Phước Mỹ, Sơn Trà, TP Đà Nẵng",2,Quận Sơn Trà,"7,3 ",87,84,nhà ở,
nhà kiệt rộng 82 m2 2 tầng  ngay Trần hưng đạo An Hải Sơn Trà,2,Quận Sơn Trà,"2,38 ",29,82,nhà ở,
NHÀ LIỀN KỀ 3 MÊ KIỆT HUỲNH NGỌC HUÊ CÁCH CHỢ 100M🌈💸  { Nhà Liền Kề},3,Quận Thanh Khê,"2,68 ",52,52,nhà ở,
NHÀ mà RẤT NHIỀU NHÀ ĐẦU TƯ BĐS SĂN TÌM: NHÀ sát BIỂN - 75 ngang 5m,3,Quận Thanh Khê,"5,5 ",73,75,nhà ở,
NHÀ mà RẤT NHIỀU NHÀ ĐẦU TƯ HÀ NỘI SĂN TÌM: MT AN THƯỢNG 11 - 60m2,3,Quận Ngũ Hành Sơn,"5,75 ",96,60,nhà ở,
NHÀ MẶT PHỐ HẢI CHÂU GẦN CẦU RỒNG 3 TẦNG SIÊU ĐẸP CHỈ  5.1 ,3,Quận Hải Châu,"5,1 ",98,52,nhà ở,
Nhà mặt tiền 160 Lê Văn Thịnh,3,Quận Liên Chiểu,"4,65 ",62,75,nhà ở,
Nhà Mặt Tiền 3 Tầng Đường 5M5 Khu Tái Định Cư Đường Hoàng Văn Thái,4,Huyện Hoa Vàng,"3,5 ",19,188,nhà ở,
Nhà Mặt tiền 70m2_3 tầng_4_Trần Cao Vân_Th. Khê,4,Quận Thanh Khê,"7,6 ",109,70,nhà ở,
"Nhà mặt tiền 76m2, 5 phòng ngủ, đường Hoàng Diệu, Tp Đà Nẵng",5,Quận Hải Châu,"12,2 ",161,76,nhà ở,
"Nhà mặt tiền 84m2,4 phòng ngủ,đường phan châu trinh",4,Quận Hải Châu,"17,8 ",212,84,nhà ở,
Nhà Mặt Tiền An Trung 16. sát Trần Hưng Đạo,2,Quận Sơn Trà,"3,9 ",74,53,nhà ở,
"NHÀ MẶT TIỀN ĐIỆN BIÊN PHỦ - 41 ngang 3,4m x 12m - 3 TẦNG 2  2 WC",2,Quận Thanh Khê,"8,9 ",217,41,nhà ở,
NHÀ MẶT TIỀN ĐIỆN BIÊN PHỦ GIÁ CỰC RẺ - 100 ngang 5m - 1 TRỆT 1 LỬNG,2,Quận Thanh Khê,"6,5 ",65,100,nhà ở,
nhà mặt tiền đường 40m Ngô quyền,2,Quận Sơn Trà,"6,8 ",68,100,nhà ở,
Nhà mặt tiền đường Hồng Phước 2,2,Quận Liên Chiểu,"2,75 ",26,108,nhà ở,
Nhà mặt tiền đường lớn DT602 gần kdl bà nà hills 105m2.,1,Huyện Hoa Vàng,"1,85 ",18,105,nhà ở,
"Nhà mặt tiền đường Nguyễn Chí Thanh, Quận Hải Châu.",3,Quận Hải Châu,"12,9 ",258,50,nhà ở,
Nhà mặt tiền đường Nguyễn thiện kế.90m2..2mê 1mai ..giấy tờ CC,3,Quận Sơn Trà,"7,2 ",81,89,nhà ở,
NHÀ MẶT TIỀN gần THĂNG LONG và gần SÔNG: 100 ngang 5m - 3 TẦNG 4 ,4,Quận Cẩm Lệ,"6,5 ",65,100,nhà ở,
"NHÀ MẶT TIỀN LÊ THỊ TÍNH, DT: 47,7m, 4 tầng, 3 .",3,Quận Thanh Khê,"4,6 ",96,48,nhà ở,
Nhà mặt tiền Ngô Quyền,3,Quận Sơn Trà,"8,75 ",250,35,nhà ở,
NHÀ MẶT TIỀN NGÔ QUYỀN GIÁ RẺ : 100 ngang 5m x 20m - 2 TẦNG 3  2WC,3,Quận Sơn Trà,"7,5 ",75,100,nhà ở,
"NHÀ MẶT TIỀN NGUYỄN VĂN LINH - VIP VIP - 106 ngang 4,5m x 24m -4TẦNG",4,Quận Thanh Khê,"27,5 ",259,106,nhà ở,
NHÀ MẶT TIỀN PHẦN LĂNG 14 - 85 ngang 5m - 3 TẦNG 3  - GIÁ RẺ !!!,3,Quận Thanh Khê,"5,1 ",60,85,nhà ở,
"Nhà Mặt Tiền Phan Văn Định, Hòa Minh, Liên Chiểu - 374, 31 Phòng Trọ",10,Quận Liên Chiểu,"20,5 ",55,374,nhà ở,
"NHÀ MẶT TIỀN PHÚ THẠNH, HÒA MINH, LIÊN CHIỂU, ĐÀ NẴNG - GIÁ HẤP DẪN",4,Quận Liên Chiểu,"6,1 ",74,82,nhà ở,
nhà mặt tiền quốc lộ 1 a hoà Phước,2,Huyện Hoa Vàng,"2,35 ",35,67,nhà ở,
NHÀ mặt tiền TRƯNG NỮ VƯƠNG - 100 ngang KHỦNG 6m - 3 TẦNG 3  3 WC,3,Quận Hải Châu,13,130,100,nhà ở,
"Nhà Mặt Tiền, Đường Nguyễn Duy Trinh, Ở kinh doanh",5,Quận Ngũ Hành Sơn,"4,5 ",47,95,nhà ở,
Nhà Mê Lững Kiệt Ngô Quyền Thọ Quan Công Năng : 2p ngủ 2wc,2,Quận Sơn Trà,"2,1 ",42,50,nhà ở,
Nhà mê rưỡi kẹp cống đấu sông mát mẻ,2,Quận Ngũ Hành Sơn,"3,3 ",33,100,nhà ở,
Nhà Mới - sát Trung Tâm Hoà Khương,3,Huyện Hoa Vàng,"1,2 ",8,150,nhà ở,
Nhà mới cấp 4 hoà sơn 7,1,Huyện Hoa Vàng,"1,895",19,100,nhà ở,
Nhà mới đường 5m5 rẻ hơn kiệt có sân để xe hơn 30m,2,Quận Cẩm Lệ,"2,8 ",52,54,nhà ở,
Nhà MT  Đà Sơn giá chỉ 2ti650 còn thương lượng,2,Quận Liên Chiểu,"2,6 ",30,86,nhà ở,
"nhà mt đường 7m5 vỉa hè 3m ,gần chợ gân trường,nhà mới xây,",2,Huyện Hoa Vàng,"1,8 ",18,100,nhà ở,
Nhà mt đường Đa mặn 6 ngay cổng trường Herman,3,Quận Ngũ Hành Sơn,"5,48 ",55,100,nhà ở,
Nhà MT Kinh Doanh Cù Chính Lan.,2,Quận Thanh Khê,6,80,75,nhà ở,
NHÀ MT NGÔ QUYỀN SÁT CHU HUY MÂN DT KHỦNG GIÁ RẺ,2,Quận Sơn Trà,"11,5 ",62,185,nhà ở,
NHÀ MT NGUYỄN ĐỖ CUNG SÁT TÔN ĐỨC THẮNG ĐỐI DIỆN BẾN XE GIÁ RẺ,3,Quận Liên Chiểu,"5,25 ",48,110,nhà ở,
"NHÀ MT NGUYỄN ĐỨC CẢNH 60M2 , GẦN CÔNG VIÊN CHỈ 4  X",3,Quận Hải Châu,"4,9 ",82,60,nhà ở,
"Nhà MT Trần Bạch Đằng, Q.Sơn Trà, cách biển Mỹ Khê 200m, Giá Chính chủ",3,Quận Sơn Trà,"14,8 ",110,134,nhà ở,
NhàCẩm Lệ gần Phạm Hùng cần bán,3,Huyện Hoa Vàng,"2,98 ",25,117,nhà ở,
"nhà ở chính chủ 130m2, ngang 5m, 2 tầng, 5 phòng ngủ, đường Thế Lữ",5,Quận Sơn Trà,"6,1 ",47,130,nhà ở,
nhà ở xã hội,2,Quận Liên Chiểu,1,13,70,chung cư / căn hộ,
Nhà Phố Hải,4,Quận Hải Châu,"6,2 ",86,72,nhà ở,
NHÀ QUANG CHÂU NGANG 7m CHỈ 1ty5xx SÁT TRỤC CHÍNH HÒA CHÂU- ĐÀ NẴNG,2,Huyện Hoa Vàng,"1,65 ",17,100,nhà ở,
Nhà trung tâm biển Đà Nẵng giá cực sốc,2,Quận Sơn Trà,"5,3 ",83,64,nhà ở,
"Nhà trung tâm Đà Nẵng gần sân bay, trường Duy Tân, view công viên",2,Quận Thanh Khê,"2,85 ",71,40,nhà ở,
"NHÀ TRUNG TÂM THÀNH PHỐ đường HÙNG VƯƠNG  84m2, 2",2,Quận Thanh Khê,"3,1 ",37,84,nhà ở,
Nhà xinh chỉ hơn 2 ty ở trung tâm cho vợ chồng trẻ,2,Quận Thanh Khê,"2,55 ",64,40,nhà ở,
Nhà xinh kiên cố sổ đẹp 105m2 Hoà Khánh Bắc,2,Quận Liên Chiểu,"2,7 ",26,105,nhà ở,
"Nhận đặt chỗ, chug cư cao cấp Gold Tower đối diện ĐH Kiến Trúc, Đà Nẵg",2,Quận Hải Châu,"3,876",51,76,chung cư / căn hộ,
"NHẬN ĐẶT CỌC CĂN HỘ 5 SAO  DỰ ÁN NEWTOWN DIAMOND TRƯỜNG SA, TP ĐÀ NẴNG",3,Quận Ngũ Hành Sơn,"7,5 ",75,100,chung cư / căn hộ,
NHẬN NHÀ Ở NGAY CHỈ VỚI 1.650 – CĂN 2 TRỰC DIỆN SÔNG HÀN,2,Quận Hải Châu,"4,7 ",68,69,chung cư / căn hộ,
"Nh𝑎̀ 𝑐𝑎̂́𝑝 4 𝐻𝑎̀ 𝑉𝑎̆𝑛 𝑀𝑎𝑜, 𝐵𝑒̂́𝑛 𝑋𝑒 Đ𝑢̛́𝑐 𝐿𝑜𝑛𝑔",2,Huyện Hoa Vàng,"2,35 ",24,100,nhà ở,
"Nóng!Top 5 suất ngoại giao Căn hộ cao cấp - Peninsula Sơn Trà, Đà Nẵng",2,Quận Sơn Trà,"3,6 ",50,71,chung cư / căn hộ,
"ÔNG ÍCH KHIÊM, HC– NHÀ ĐẸP GIÁ RẺ, HIẾM – 3 TẦNG 3 MÊ – Ô TÔ THÔNG 6M",3,Quận Hải Châu,"5,85 ",73,80,nhà ở,
PHẢI NHANH TAY NHẤT MỚI KỊP ! Nhà ngay NGÃ TƯ đẹp như BIỆT THỰ MINI,3,Quận Thanh Khê,"8,5 ",57,150,nhà ở,
PHAN BÔI ( góc hai mặt tiền ),4,Quận Sơn Trà,"16,5 ",138,120,nhà ở,
"Quỹ căn còn lại dự án Sun Symphony Đà Nẵng, view pháo hoa và view biển",1,Quận Sơn Trà,"3,3 ",80,41,chung cư / căn hộ,
Rẻ hơn thị trường 500 triệu! Bán cắt lỗ nhanh căn hộ 2 SAM Towers ĐN,2,Quận Hải Châu,"4,4 ",65,68,chung cư / căn hộ,
SĂN SALE CĂN HỘ F HOME HẢI CHÂU,2,Quận Hải Châu,"2,65 ",41,64,chung cư / căn hộ,
SẬP HẦM ĐẦU TƯ–NHÀ MẶT PHỐ CÔ BẮC–HẢI CHÂU-VỪA Ở VỪA K.DOANH-NHỈNH 7,3,Quận Hải Châu,6,109,55,nhà ở,
"Sập hầm! phố Tây An Thượng 12 giá 4ty690, không có căn thứ 2",4,Quận Ngũ Hành Sơn,"4,69 ",117,40,nhà ở,
SẬP HẦM–NHÀ 3TẦNG MẶTTIỀN ĐƯỜNG 7.5M PHẠM NHỮ TĂNG–LIỀN TTTM CO.OPMART,3,Quận Thanh Khê,"4,99 ",78,64,nhà ở,
SÁT BIỂN! BÁN NHÀ C4 MT NGUYỄN ĐĂNG GIAI - Q. SƠN TRÀ - 90M2 - 5.55 ,2,Quận Sơn Trà,"5,55 ",62,90,nhà ở,
Siêu Dự Án Nghỉ Dưỡng Số 1 Đà Nẵng Với Những Tiện Ích Bao La,1,Quận Liên Chiểu,"3,5 ",64,55,chung cư / căn hộ,
"SIÊU HIẾM ! NHÀ MT gần BIỂN: 71 ngang 5m x 14,2m - 1 TRỆT 1 lửng 3",3,Quận Sơn Trà,"5,7 ",80,71,nhà ở,
"SIÊU HIẾM, KIỆT ÔNG ÍCH KHIÊM, GẦN BIỂN, DIỆN TÍCH LỚN",10,Quận Hải Châu,"3,5 ",43,82,nhà ở,
"SIÊU HOT, CHU VĂN AN, NHÀ HẺM SIÊU TO 84m2, NGAY TRUNG TÂM",3,Quận Hải Châu,"3,3 ",39,84,nhà ở,
SIÊU KHỦNG KHU BIỂN MỸ KHÊ.. RẤT HỢP XÂY CĂN HỘ KHÁCH SẠN BIỂN,3,Quận Sơn Trà,"21,5 ",40,534,nhà ở,
"Siêu phẩm 2 tầng 2 mê kiệt Hải Phòng, Thanh Khê_50m2_chỉ hơn 2 ",3,Quận Thanh Khê,"2,9 ",58,50,nhà ở,
SIÊU PHẨM 3 TẦNG-HOÀ CHÂU -ĐÀ NẴNG,3,Huyện Hoa Vàng,"3,98 ",40,100,nhà ở,
Siêu phẩm góc 2 mặt tiền Hải Châu.3 tầng Mặt tiền rộng.Vị trí đẹp.CC,3,Quận Hải Châu,"6,6 ",78,85,nhà ở,
Siêu phẩm Hải Châu 1 sát Lê Duẩn nhà mới ken vào ở liền,4,Quận Hải Châu,"5,2 ",58,90,nhà ở,
Siêu phẩm nhà đẹp Hoà Xuân,3,Quận Cẩm Lệ,"6,55 ",66,100,nhà ở,
Siêu phẩm nhà đẹp Hoà Xuân sát Võ Chí Công,3,Quận Cẩm Lệ,"6,2 ",62,100,nhà ở,
SIÊU PHẨM PHỐ TÂY AN THƯỢNG – CÁCH BIỂN MỸ KHÊ CHỈ 200M,8,Quận Ngũ Hành Sơn,"10,5 ",175,60,chung cư / căn hộ,
Siêu Phẩm Toà Nhà 4 Tầng KHUÊ MỸ ĐÔNG 7 _ Cạnh Biển Mỹ Khuê,6,Quận Ngũ Hành Sơn,12,118,102,nhà ở,
Siêu rẻ nhà mặt tiền đỗ nhuận sát chợ hoà mỹ,3,Quận Liên Chiểu,"3,68 ",40,92,nhà ở,
Sở hữu căn hộ biển 5 sao tại vịnh Đà Nẵng - Đặc biệt 100% view biển,2,Quận Liên Chiểu,3,40,75,chung cư / căn hộ,
SỞ HỮU CĂN HỘ ĐẲNG CẤP TẠI SAM TOWERS  – GIÁ TRỊ VÀNG – VUỢT THỜI GIAN,2,Quận Hải Châu,"3,4 ",40,84,chung cư / căn hộ,
sở hữu căn hộ Plaza 2 full nội thất cao cấp tại Đà Nẵng,2,Quận Ngũ Hành Sơn,"2,35 ",33,72,chung cư / căn hộ,
Sở hữu căn hộ rẻ nhất thị trường với chỉ 500 triệu đồng,2,Quận Liên Chiểu,"0,5","8,3 ",60,chung cư / căn hộ,
SỞ HỮU CĂN NHÀ MẶT PHỐ ĐƯỜNG ĐỖ BÁ MẶT TIỀN 10m5 THÔNG RA BIỂN MỸ KHÊ,2,Quận Ngũ Hành Sơn,"11,5 ",139,83,nhà ở,
SỞ HỮU NGAY NHÀ ĐẸP mặt tiền VŨ QUỲNH - 75 ngang 5m - 3 TẦNG 4 ,4,Quận Thanh Khê,"5,5 ",73,75,nhà ở,
"SỞ HỮU NGAY NHÀ MẶT PHỐ ĐỖ QUANG, THANH KHÊ, ĐÀ NẴNG - 87 ngang 4,4m",3,Quận Thanh Khê,"12,4 ",143,87,nhà ở,
SỞ HỮU NGAY NHÀ MẶT PHỐ TRƯNG NỮ VƯƠNG - 100 ngang 5m - 3 TẦNG 4 ,4,Quận Hải Châu,"10,7 ",107,100,nhà ở,
"SƠN TRÀ – NHÀ VÀO Ở NGAY ĐÓN TẾT, MT NẠI NGHĨA –1 PHÚT RA CẦU SÔNG HÀN",3,Quận Sơn Trà,"3,49 ",62,56,nhà ở,
Sót lại căn hộ 2 dự án Sun Ponte - sông Hàn Đà Nẵng,2,Quận Sơn Trà,"4,2 ",62,68,chung cư / căn hộ,
SỤP HẦM ! Giảm 1 : NHÀ MẶT TIỀN HUỲNH NGỌC HUỆ - 48 ngang 4m 3TẦNG,3,Quận Thanh Khê,"5,1 ",106,48,nhà ở,
SỤP HẦM ! NHÀ MẶT TIỀN khu PHƯỚC LÝ: 100 ngang 5m x 20m - 3 TẦNG 3,3,Quận Cẩm Lệ,"4,2 ",42,100,nhà ở,
Sụp Hầm Hàng Hiếm Nhà 2T đường 7m5 AN TRUNG 1,3,Quận Sơn Trà,"7,15 ",73,98,nhà ở,
Sụp Hầm Lô Góc 90m2 Mặt Tiền Lý Thường Kiệt Thạch Thang Hải châu,3,Quận Hải Châu,"13,99 ",161,87,nhà ở,
"Tài chính 1(30%) - Căn hộ cao cấp dự án Peninsula, nội thất cao cấp",2,Quận Sơn Trà,1,16,62,chung cư / căn hộ,
Tô Hiệu xót lại căn diện tích lớn nhà gác đúc móng 2 tầng,3,Quận Liên Chiểu,"2,75 ",26,107,nhà ở,
Tòa 4.5 tầng MT 10M5 HÒA CƯỜNG ngay 30/4,10,Quận Hải Châu,14,140,100,nhà ở,
"TÒA APARTMENT 6 TẦNG, 11 PHÒNG FULL NỘI THẤT – DOANH THU CAO💥",10,Quận Sơn Trà,"14,8 ",141,105,chung cư / căn hộ,
TÒA CĂN HỘ + TRƯỜNG MẦM NON TƯ THỤC DÒNG TIỀN 150TR/ THÁNG,10,Quận Ngũ Hành Sơn,15,38,396,nhà ở,
Toà căn hộ 1 bước ra Cầu Rồng view sân thượng doanh thu 120tr/tháng,10,Quận Sơn Trà,19,119,160,nhà ở,
"TOÀ CĂN HỘ 6 TẦNG. DOANH THU 50tr. SÁT ĐH KIẾN TRÚC, ĐÔNG Á",10,Quận Hải Châu,"10,5 ",148,71,nhà ở,
Toà căn hộ đường 7m5 Võ Duy Ninh diện tích khủng doanh thu cực tốt.,7,Quận Sơn Trà,"8,5 ",55,155,nhà ở,
Tòa TÔN THẤT THIỆP doanh thu ~40tr/1th giâ rẻ,10,Quận Ngũ Hành Sơn,"9,4 ",80,117,nhà ở,
Tôi cần bán nhà gác đúc kiệt ôtô 4m Võ Duy Ninh ( GẦN BIỂN ) ⭐⭐⭐⭐,2,Quận Sơn Trà,"2,59 ",49,53,nhà ở,
Tôi chính chủ bán nhà kiệt 142 Điện Biên Phủ,2,Quận Thanh Khê,"2,55 ",64,40,nhà ở,
Tôi chính chủ cần bán gấp mặt tiền Đống Đa.,4,Quận Hải Châu,14,203,69,nhà ở,
Tôi chính chủ cần bán nhà mê trên lợp . có la phông chống nóng,4,Huyện Hoa Vàng,"2,35 ",19,121,nhà ở,
"TT THANH KHÊ - GIAO KIỆT Ô TÔ HÙNG VƯƠNG - NHÀ 2 TẦNG, DT 7",3,Quận Thanh Khê,"2,65 ",34,78,nhà ở,
Vị trí đẹp lắm ạ ngay chợ mới hoàng diệu kinh doanh được nhé,3,Quận Hải Châu,"3,55 ",79,45,nhà ở,
vị trí đẹp lắm ạ. mua cho thuê cũng hợp lí luôn,3,Quận Hải Châu,"3,25 ",63,52,nhà ở,
Villa phố biển Hoà Minh,4,Quận Liên Chiểu,"12,8 ",71,180,nhà ở,
VỢ CHỒNG SANG MỸ SANG NHƯỢNG CĂN 2- VIEW SÔNG HÀN- CẮT LỖ 200TR,2,Quận Hải Châu,"3,3 ",49,68,chung cư / căn hộ,
"Vỡ nợ, bán gấp căn hộ Fhome Đà Nẵng, trung tâm quận Hải Châu, sát sông",2,Quận Hải Châu,"3,2 ",34,93,chung cư / căn hộ,
Xây nhà cho con ở .nay con ở xài gòn ko về .nên giờ cần bán gấp,3,Quận Liên Chiểu,"4,6 ",51,90,nhà ở,
𝐁𝐚́𝐧 𝐧𝐡𝐚𝐧𝐡 𝐜𝐚̆𝐧 𝐒𝐔𝐃𝐈𝐎 𝟏𝐏𝐍 𝐭𝐚̣𝐢 𝐒𝐮𝐧 𝐒𝐲𝐦𝐩𝐡𝐨𝐧𝐲 Đ𝐚̀ 𝐍𝐚̆̃𝐧𝐠 𝐜𝐡𝐢̉ 𝟒.𝟓 𝐭𝐲̉,1,Quận Sơn Trà,"4,5 ",112,40,chung cư / căn hộ,
𝐁𝐚́𝐧 𝐧𝐡𝐚𝐧𝐡 𝐜𝐚̆𝐧 𝟏𝐏𝐍+ 𝐭𝐚̣𝐢 𝐒𝐮𝐧 𝐒𝐲𝐦𝐩𝐡𝐨𝐧𝐲 Đ𝐚̀ 𝐍𝐚̆̃𝐧𝐠 𝐜𝐡𝐢̉ 𝟒.𝟒 𝐭𝐲̉,1,Quận Sơn Trà,"4,4 ",74,60,chung cư / căn hộ,
"𝐛á𝐧 𝐧𝐡à 𝐓ô𝐧 Đả𝐧 –  𝐝𝐢ệ𝐧 𝐭í𝐜𝐡 𝟏𝟎𝟎𝐦², 𝐬â𝐧 đậ𝐮 ô 𝐭ô, 𝐜ơ 𝐡ộ𝐢 𝐚𝐧 𝐜ư 𝐧𝐠𝐚𝐲 𝐭𝐫",3,Quận Cẩm Lệ,"2,95 ",30,100,nhà ở,
🆘HÀNG HOT - mặt tiền - 113 m2- Trường trinh- Cẩm Lê. 💎Giá thương lượng,2,Quận Cẩm Lệ,"2,65 ",23,113,nhà ở,
🇻🇳 Bán Nhà 3 Tầng Khu Biển Đà Nẵng Thiết Kế Hiện Đại,3,Quận Hải Châu,"6,1 ",72,85,nhà ở,
🇻🇳 Cần Bán Căn Nhà 3 Tầng View Công Viên Trường Học,3,Quận Cẩm Lệ,"5,75 ",58,100,nhà ở,
"🌈 Mặt Tiền Đường Âu Cơ - 105m2 - Chỉ 3,65  - Kinh Doanh Đỉnh.",2,Quận Liên Chiểu,"3,65 ",35,105,nhà ở,
🌈🌈🌈Chào Bán Nhà Mê Lững - HOÀNG MINH THẢO - HOÀ MINH Địa chỉ số,3,Quận Liên Chiểu,"2,78 ",38,74,nhà ở,
"🌟 Bán Nhà 2 Tầng + 4 Phòng Trọ, Kiệt Ô Tô Nguyễn Tri Phương, Hải Châu",3,Quận Hải Châu,"5,5 ",46,120,nhà ở,
"🌟 CƠ HỘI VÀNG - BÁN NHÀ ĐÀ NẴNG 6x25m - GIÁ CHỈ 1,85  🌟",2,Huyện Hoa Vàng,"1,85 ",12,150,nhà ở,
"🌟 HÀNG HIẾM – CĂN HỘ 2 PHÒNG NGỦ, 94, FULL NỘI THẤT, CHỈ CÓ MỘT!!! 🌟",2,Quận Thanh Khê,"2,15 ",23,94,chung cư / căn hộ,
🌟NHÀ 2.5 TẦNG KIỆT ĐỔ NHỰA 6m.ĐỐNG ĐA. vị trí kinh doanh mà giá có 3t5,3,Quận Hải Châu,"3,5 ",83,42,nhà ở,
"🌳 Nhà 2 tầng, Sơn Trà, Ngay cầu Sông Hàn. 🌳 Cách đường Ngô Quyền vài c",2,Quận Sơn Trà,"2,45 ",49,50,nhà ở,
🌹Nhà 2 Tầng Kẹp Kiệt Bên Cạnh- Giá Rẻ Khu Vực Chợ An Hải Bắc,3,Quận Sơn Trà,"5,5 ",55,100,nhà ở,
🌹Siêu Hiếm Bán Nhà 2 Tầng Mới Đẹp - Mt Phạm Tu Sát Dương Đình Nghệ,3,Quận Sơn Trà,"5,6 ",100,56,nhà ở,
🌺 Nhà lững đúc kiệt Đẩu - Thanh Bình - Hải châu  - Diện tích đất 5,3,Quận Hải Châu,"3,25 ",63,52,nhà ở,
"🌿bán góc 2mt Bùi Thị Xuân,Sơn Trà gần Monarchy ,Trần Quang Diệu",3,Quận Sơn Trà,"10,5 ",111,95,nhà ở,
🍀NHÀ 2 TẦNG CÓ SÂN THƯỢNG GẦN BẾN XE ĐỨC LONG - HOÀ PHƯỚC-  ĐÀ NẴNG,3,Huyện Hoa Vàng,"2,2 ",22,100,nhà ở,
🍀🍀  Biệt   thự mái thái Nhà 2 tầng Hoà Phước Đà nẵng,2,Huyện Hoa Vàng,"2,2 ",22,100,nhà ở,
"🎁 BIỆT THỰ MINI, đáng mua nhất Hòa Phước, Đà Nẵng; 2 MẶT TIỀN rộng rãi",4,Huyện Hoa Vàng,"2,297",18,125,nhà ở,
🏘️7x28m.Nhà mới 3 tầng ở xã Hoà Châu,4,Huyện Hoa Vàng,"2,5 ",13,200,nhà ở,
🏘️Nhà 2 tầng đường Ông Ích Đường Phường Khuê Trung,3,Quận Cẩm Lệ,"2,05 ",50,41,nhà ở,
"🏙️ Bán Nhà 3 Tầng Mặt Tiền Đường Mai Am, Hải Châu – Đà Nẵng – Tâm điể",4,Quận Hải Châu,"10,8 ",82,131,nhà ở,
"🏟️🏟️ CHÍNH CHỦ Nhà MẶT TIỀN KINH DOANH đường CM THÁNG 8, TP ĐÀ NẴNG",2,Quận Cẩm Lệ,"5,79 ",97,60,nhà ở,
"🏠Bán nhà gác lững đúc Kiệt 282/ Tô Hiệu, kiệt oto",2,Quận Liên Chiểu,"2,79 ",37,75,nhà ở,
🏡 1.9  - Nhà 2 Tầng Huỳnh Ngọc Huệ. 41m2  **Nhà Mới Đẹp - Vị Trí Đắc,2,Quận Thanh Khê,"1,9 ",48,40,nhà ở,
"🏡 BÁN NHÀ 2 TẦNG ĐẸP – NGANG 5M – ĐƯỜNG 7.5M, LỀ 4M – GẦN BIỂN 🌊",2,Quận Sơn Trà,"5,4 ",64,85,nhà ở,
🏡 Bán Nhà 3 Tầng Đường Nguyễn Xí - Gần Biển Gần Chung Tâm. Tp Đà Nẵng,3,Quận Liên Chiểu,"6,95 ",70,100,nhà ở,
"🏡 Bán Nhà 3 Tầng Mặt Tiền Đường Phú 16, Hòa Minh, Liên Chiểu, Đà Nẵng",3,Quận Liên Chiểu,"4,599",57,80,nhà ở,
"🏡 BÁN NHÀ MẶT TIỀN SƠN TRÀ – NHÀ MỚI, Ở NGAY – GẦN BIỂN 🌊✅",3,Quận Sơn Trà,"4,75 ",59,81,nhà ở,
"🏡2 Tầng 2 MK Phan Thanh,View Công Viên Sau Nhà Thoáng Mát - 40M2, 2",2,Quận Thanh Khê,"2,85 ",71,40,nhà ở,
🐲 NHÀ 3 TẦNG VÕ NGUYÊN GIÁP - SƠN TRÀ. 🐲 NHÀ MỚI ĐẸP- DT 72m2- OTO ĐẬU,3,Quận Ngũ Hành Sơn,"5,6 ",78,72,nhà ở,
🐲THANH KHÊ - HAI MẶT KIỆT - GẦN ĐƯỜNG ĐỖ OTO - 63m2 🐲 kiệt Huỳnh Ngọc,2,Quận Thanh Khê,"2,5 ",40,63,nhà ở,
👉​NHÀ 3 TẦNG ĐƯỜNG(10m5)NGUYỄN HỮU TIẾN- GẦN CÔNG VIÊN-ĐÔNG NAM,4,Quận Cẩm Lệ,"5,5 ",55,100,nhà ở,
"👉Bán Nhà 2Tầng Đường Phong 11,Hướng Đông Nam-Gần Công Viên",3,Quận Cẩm Lệ,"4,3 ",43,100,nhà ở,
👉BÁN NHÀ ĐƯỜNG AN HẢI 6 - CÁCH CHỢ AN HẢI 200m - ĐÔNG NAM,2,Quận Sơn Trà,"5,1 ",55,92,nhà ở,
👉BÁN NHÀ ĐƯỜNG ĐẶNG VĂN NGỮ - NGAY CHỢ CẨM LỆ - NGANG 6M,2,Quận Cẩm Lệ,5,56,90,nhà ở,
"👉Nhà 2,5Tầng Đường Huỳnh Thúc Kháng -Tuyến Phố Kinh Doanh Gần Cầu Rồng",3,Quận Hải Châu,"6,3 ",126,50,nhà ở,
👉Nhà 2Tầng Căn Góc Kiệt Đường Hoàng Diệu -Cách Đường Chính 50m,3,Quận Hải Châu,"4,8 ",48,100,nhà ở,
"👉Nhà 2Tầng Đường Võ Như Hưng , Đối Diện Trường Đại Học Kinh Tế",3,Quận Ngũ Hành Sơn,"5,7 ",71,80,nhà ở,
"👉Nhà 3Tầng Đường An Xuân 1, Đối Diện Ngay Công Viên-Quận Thanh Khê",5,Quận Thanh Khê,"6,3 ",63,100,nhà ở,
"💎Cần bán nhà 3 tầng MT đường Thanh Nghị,P Hoà Minh,Quận Liên Chiểu.",5,Quận Liên Chiểu,"4,1 ",46,90,nhà ở,
"💎Chính chủ gửi bán 2 tầng MT Dương Bích Liên,P Hòa Minh,Q Liên Chiểu",3,Quận Liên Chiểu,"4,6 ",46,100,nhà ở,
"💖💕  Nhà 3 tầng Kiệt Phạm Văn Nghị, lô góc kẹp kiệt siêu đỉnh. 3 mặt th",3,Quận Thanh Khê,"3,5 ",74,47,nhà ở,
💥 Hàng Hiếm Nhà 2T An Trung 1 đường 7m5 lề 3m giá Chính Chủ,3,Quận Sơn Trà,"7,15 ",73,98,nhà ở,
"💥 NHÀ 3 TẦNG VỊ TRÍ ĐẮC ĐỊA, TIỀM NĂNG KINH DOANH CỰC CAO 💥",5,Quận Sơn Trà,14,112,125,nhà ở,
"💥 NHÀ 4 TẦNG KINH DOANH ĐỈNH, GẦN BIỂN MÂN THÁI, CHỢ HẢI SẢN SƠN TRÀ",4,Quận Sơn Trà,"8,3 ",83,100,nhà ở,
💥BÁN NHANH NHÀ ĐƯỜNG NGUYỄN THI ĐẦY ĐỦ NỘI THẤT SIÊU ĐẸP,3,Quận Hải Châu,"5,5 ",79,70,nhà ở,
💥SIÊU HIẾM - TOÀ CĂN HỘ 4 TẦNG- 12 PHÒNG KHÉP KÍN- DT KHỦNG 35TR/ TH,10,Quận Cẩm Lệ,"6,85 ",69,100,nhà ở,
💥💥BÁN ĐẤT TẶNG NHÀ AN HẢI 6 ĐƯỜNG 5M5 KHU( AN HẢI BẮC),2,Quận Sơn Trà,"5,1 ",55,92,nhà ở,
💥💥CHÍNH CHỦ CẦN BÁN NHÀ KIỆT OTTO PHÓ ĐỨC CHÍNH 3 MÊ CỨNG NGHÉT,5,Quận Sơn Trà,"5,2 ",58,90,nhà ở,
💥💥Chính chủ cần Chuyển nhượng nhà - Tài chính dưới 3500 chẹo💥💥  ✅ Di,1,Quận Hải Châu,"3,5 ",47,75,nhà ở,
💥💥CHÍNH CHỦ GỬI BÁN NHÀ KIỆT AN ĐỒN ( SÁT SÔNG HÀN),2,Quận Sơn Trà,"2,05 ",41,50,nhà ở,
💥💥💥 sụp hầm chủ ra đi căn nhà kiêng cố 💥💥💥,3,Quận Cẩm Lệ,"6,7 ",54,123,nhà ở,
💯💯 Bán tòa căn hộ 5 tầng sát biển VÕ NGUYÊN GIÁP  ..,1,Quận Ngũ Hành Sơn,14,174,80,chung cư / căn hộ,
📌 CƠ HỘI SỞ HỮU BIỆT THỰ 5 TẦNG MẶT TIỀN GIỮA QL1A HÒA PHƯỚC- ĐÀ NẴNG,7,Huyện Hoa Vàng,"5,99 ",13,450,nhà ở,
📌 📌  NHÀ SIÊU PHẨM 2 MẶT TIỀN ĐƯỜNG 8m SÁT QUỐC LỘ HÒA PHƯỚC- ĐÀ NẴNG,3,Huyện Hoa Vàng,"2,55 ",20,126,nhà ở,
📌 📌 NHÀ 2 MẶT TIỀN ĐƯỜNG 8m SÁT QUỐC LỘ HÒA PHƯỚC- ĐÀ NẴNG,3,Huyện Hoa Vàng,"2,59 ",21,126,nhà ở,
"🔥 Căn hộ The Ori Garden 1+1 GĐ2 giá rẻ, cuối năm nhận nhà🔥",1,Quận Liên Chiểu,"0,75",16,46,chung cư / căn hộ,
🔥 NHÀ 3 TẦNG + 12 CĂN HỘ MINI FULL NỘI THẤT– DOANH THU KHỦNG GẦN BIỂN,10,Quận Sơn Trà,13,72,181,chung cư / căn hộ,
"🔥 Nhà đẹp 3 tầng 7m5 Tô Hiệu, Hoàng Thị Loan  - Vị trí ở & kinh doanh",3,Quận Liên Chiểu,"6,69 ",84,80,nhà ở,
"🔥Bán nhà mặt tiền Hòa2, ngay gần Bến Xe Đà Nẵng, DT 110m2",2,Quận Liên Chiểu,"3,55 ",32,110,nhà ở,
🔥🔥 Bán Nhà 2 Tầng Đường 7m5 Lề 4m5 Hà Tông Huân Sơn Trà 🔥🔥🔥,3,Quận Sơn Trà,"5,2 ",58,90,nhà ở,
"🔥🔥 Bán Nhà 2,5 Tầng 84m2 Kiệt Vương Thừa Vũ Sơn Trà 🔥🔥",3,Quận Sơn Trà,"3,7 ",44,84,nhà ở,
🔥🔥 𝙎𝙊́𝙏 𝙇𝘼̣𝙄 Nhà 2 Tầng 2 Mê Đường 5m5 Lề 3MThọ Sơn Trà 🔥🔥🔥,3,Quận Sơn Trà,"4,75 ",58,82,nhà ở,
🔥🔥HOT HOT🔥🔥Nhà 3 tầng 3 mê🔥🔥Tuyến đường đẹp nhấtViệt Á,3,Quận Ngũ Hành Sơn,7,70,100,nhà ở,
🔥🔥HOT HOT🔥🔥TOÀ CĂN HỘ 2 TẦNG 🔥🔥VỪA Ở VỪA CÓ DÒNG TIỀN🔥🔥24 TRIỆU THÁNG,4,Quận Ngũ Hành Sơn,"9,3 ",93,100,nhà ở,
🔴Bán nhà sau lưng nhà mặt tiền đường Lê Hồng Phong - gần nhà hát,3,Quận Hải Châu,"7,8 ",48,162,nhà ở,
🔴🆘 Nhà Đẹp Dưới 3ty 🆘 xây mới giá rẻ kiệt ô tô gần đường,3,Quận Liên Chiểu,"2,85 ",43,66,nhà ở,
🔴🆘 Nhà đẹp gần biển 🆘 mặt tiền đường Hòa Minh cách biển 500m,3,Quận Liên Chiểu,"4,55 ",61,75,nhà ở,
"🔴🆘 Nhà đẹp view biển 🆘 mặt tiền Dương Đức Hiền, quận Liên Chiểu",3,Quận Liên Chiểu,"5,79 ",80,72,nhà ở,
🔴🆘 Nhà mặt tiền giá rẻ 🆘 nhà 2 tầng đường phú Lộc 1 cách biển 500m,3,Quận Liên Chiểu,"4,25 ",55,77,nhà ở,
🔴🆘 Nhà phố Hòa Minh 🆘 nhà đẹp xây mới khu điện âm gần biển,4,Quận Liên Chiểu,"7,29 ",73,100,nhà ở,
🔴💥Bán nhà 2 tầng 2 mặt tiền đường Nguyễn Minh Không,5,Quận Liên Chiểu,"3,99 ",50,80,nhà ở,
🔴💥Bán nhà 2 tầng đường Hòa Mỹ 9 - sát ngã 5 Tô Hiệu và Ngô Chân Lưu,3,Quận Liên Chiểu,"3,05 ",44,69,nhà ở,
🔴💥Bán nhà 2 tầng đường Nguyễn Cảnh Dị - Thông Đoàn Phú Tứ,3,Quận Liên Chiểu,"3,75 ",43,88,nhà ở,
🔴💥Bán nhà 3 tầng 3 mê đường 10.5m Bùi Tấn Diên - Trục đường chính,3,Quận Liên Chiểu,"5,09 ",46,110,nhà ở,
🔴💥Bán nhà C4 đường Đặng Tất - Gần chợ Hòa Khánh,2,Quận Liên Chiểu,"3,79 ",47,81,nhà ở,
🔴💥Bán nhà gác lững đúc Kiệt Tô Hiệu - Kiệt Ô TÔ đậu đổ thoải mái,2,Quận Liên Chiểu,"2,79 ",37,75,nhà ở,
🔴💥Nhà SIÊU PHẨM 3 tầng 3 mê TÂN CỔ ĐIỂN đường Phú Thạnh  - Ngay,4,Quận Liên Chiểu,"6,75 ",68,100,nhà ở,
"🥕🥕 Bán nhà HÒA CHÂU, TP ĐÀ NẴNG đường Ô TÔ QUAY ĐẦU; giá bằng giá Đất",2,Huyện Hoa Vàng,"1,75 ",14,127,nhà ở,
"🧡💛Nhà vào ở liền Nguyễn Phan Vinh 2 phòng ngủ kiệt 3m giá 2,2 ",2,Quận Sơn Trà,"2,2 ",46,48,nhà ở,
